{
	"songs": [
		[
			"Gone",
			"nova",
			[
				146,
				213,
				253
			]
		],
		[
			"Shelter",
			"nova",
			[
				146,
				213,
				253
			]
		],
		[
			"Anxiety",
			"nova",
			[
				146,
				213,
				253
			]
		],
		[
			"Voices",
			"nova",
			[
				146,
				213,
				253
			]
		]
	],
	"shownInTracks": true,
	"hideFreeplay": false,
	"weekBackground": "nova",
	"difficulties": "",
	"weekCharacters": [
		"",
		"",
		""
	],
	"storyName": "That One Salty Attic Girl",
	"weekName": "VS Nova Full Version",
	"freeplayColor": [
		146,
		113,
		253
	],
	"hideStoryMode": false,
	"weekBefore": "tutorial",
	"startUnlocked": true
}