﻿<?xml version="1.0" encoding="utf-8"?>
<TextureAtlas imagePath="NOTE_assets (4).png">
	<!-- Created with Adobe Animate version 20.0.0.17400 -->
	<!-- http://www.adobe.com/products/animate.html -->
	<SubTexture name="arrowDOWN0000" x="0" y="0" width="155" height="142"/>
	<SubTexture name="arrowLEFT0000" x="635" y="0" width="142" height="154"/>
	<SubTexture name="arrowRIGHT0000" x="781" y="316" width="141" height="154"/>
	<SubTexture name="arrowUP0000" x="477" y="0" width="154" height="142"/>
	<SubTexture name="blue0000" x="623" y="316" width="154" height="141"/>
	<SubTexture name="blue hold end0000" x="927" y="0" width="50" height="64"/>
	<SubTexture name="blue hold piece0000" x="926" y="452" width="50" height="44"/>
	<SubTexture name="down confirm0000" x="146" y="304" width="155" height="141"/>
	<SubTexture name="down confirm0001" x="146" y="304" width="155" height="141"/>
	<SubTexture name="down confirm0002" x="305" y="304" width="155" height="141"/>
	<SubTexture name="down confirm0003" x="305" y="304" width="155" height="141"/>
	<SubTexture name="down press0000" x="291" y="449" width="153" height="141"/>
	<SubTexture name="down press0001" x="291" y="449" width="153" height="141"/>
	<SubTexture name="down press0002" x="448" y="461" width="153" height="141"/>
	<SubTexture name="down press0003" x="448" y="461" width="153" height="141"/>
	<SubTexture name="down press0004" x="448" y="461" width="153" height="141"/>
	<SubTexture name="down press0005" x="448" y="461" width="153" height="141"/>
	<SubTexture name="down press0006" x="448" y="461" width="153" height="141"/>
	<SubTexture name="down press0007" x="448" y="461" width="153" height="141"/>
	<SubTexture name="down press0008" x="448" y="461" width="153" height="141"/>
	<SubTexture name="down press0009" x="448" y="461" width="153" height="141"/>
	<SubTexture name="down press0010" x="448" y="461" width="153" height="141"/>
	<SubTexture name="down press0011" x="448" y="461" width="153" height="141"/>
	<SubTexture name="down press0012" x="448" y="461" width="153" height="141"/>
	<SubTexture name="down press0013" x="448" y="461" width="153" height="141"/>
	<SubTexture name="down press0014" x="448" y="461" width="153" height="141"/>
	<SubTexture name="down press0015" x="448" y="461" width="153" height="141"/>
	<SubTexture name="down press0016" x="448" y="461" width="153" height="141"/>
	<SubTexture name="down press0017" x="448" y="461" width="153" height="141"/>
	<SubTexture name="down press0018" x="448" y="461" width="153" height="141"/>
	<SubTexture name="down press0019" x="448" y="461" width="153" height="141"/>
	<SubTexture name="green0000" x="464" y="316" width="155" height="141"/>
	<SubTexture name="green hold end0000" x="927" y="68" width="50" height="64"/>
	<SubTexture name="green hold piece0000" x="0" y="462" width="50" height="44"/>
	<SubTexture name="left confirm0000" x="781" y="0" width="142" height="154"/>
	<SubTexture name="left confirm0001" x="781" y="0" width="142" height="154"/>
	<SubTexture name="left confirm0002" x="0" y="146" width="142" height="154"/>
	<SubTexture name="left confirm0003" x="0" y="146" width="142" height="154"/>
	<SubTexture name="left confirm0004" x="0" y="146" width="142" height="154"/>
	<SubTexture name="left confirm0005" x="0" y="146" width="142" height="154"/>
	<SubTexture name="left confirm0006" x="0" y="146" width="142" height="154"/>
	<SubTexture name="left confirm0007" x="0" y="146" width="142" height="154"/>
	<SubTexture name="left confirm0008" x="0" y="146" width="142" height="154"/>
	<SubTexture name="left confirm0009" x="0" y="146" width="142" height="154"/>
	<SubTexture name="left confirm0010" x="0" y="146" width="142" height="154"/>
	<SubTexture name="left confirm0011" x="0" y="146" width="142" height="154"/>
	<SubTexture name="left confirm0012" x="0" y="146" width="142" height="154"/>
	<SubTexture name="left confirm0013" x="0" y="146" width="142" height="154"/>
	<SubTexture name="left confirm0014" x="0" y="146" width="142" height="154"/>
	<SubTexture name="left confirm0015" x="0" y="146" width="142" height="154"/>
	<SubTexture name="left confirm0016" x="0" y="146" width="142" height="154"/>
	<SubTexture name="left confirm0017" x="0" y="146" width="142" height="154"/>
	<SubTexture name="left confirm0018" x="0" y="146" width="142" height="154"/>
	<SubTexture name="left confirm0019" x="0" y="146" width="142" height="154"/>
	<SubTexture name="left press0000" x="146" y="146" width="142" height="154"/>
	<SubTexture name="left press0001" x="146" y="146" width="142" height="154"/>
	<SubTexture name="left press0002" x="292" y="146" width="142" height="154"/>
	<SubTexture name="left press0003" x="292" y="146" width="142" height="154"/>
	<SubTexture name="left press0004" x="292" y="146" width="142" height="154"/>
	<SubTexture name="left press0005" x="292" y="146" width="142" height="154"/>
	<SubTexture name="left press0006" x="292" y="146" width="142" height="154"/>
	<SubTexture name="left press0007" x="292" y="146" width="142" height="154"/>
	<SubTexture name="left press0008" x="292" y="146" width="142" height="154"/>
	<SubTexture name="left press0009" x="292" y="146" width="142" height="154"/>
	<SubTexture name="left press0010" x="292" y="146" width="142" height="154"/>
	<SubTexture name="left press0011" x="292" y="146" width="142" height="154"/>
	<SubTexture name="left press0012" x="292" y="146" width="142" height="154"/>
	<SubTexture name="left press0013" x="292" y="146" width="142" height="154"/>
	<SubTexture name="left press0014" x="292" y="146" width="142" height="154"/>
	<SubTexture name="left press0015" x="292" y="146" width="142" height="154"/>
	<SubTexture name="left press0016" x="292" y="146" width="142" height="154"/>
	<SubTexture name="left press0017" x="292" y="146" width="142" height="154"/>
	<SubTexture name="left press0018" x="292" y="146" width="142" height="154"/>
	<SubTexture name="left press0019" x="292" y="146" width="142" height="154"/>
	<SubTexture name="pruple end hold0000" x="926" y="316" width="50" height="64"/>
	<SubTexture name="purple0000" x="438" y="146" width="142" height="154"/>
	<SubTexture name="purple hold piece0000" x="54" y="462" width="50" height="44"/>
	<SubTexture name="red0000" x="146" y="449" width="141" height="154"/>
	<SubTexture name="red hold end0000" x="926" y="384" width="50" height="64"/>
	<SubTexture name="red hold piece0000" x="919" y="500" width="50" height="44"/>
	<SubTexture name="right confirm0000" x="584" y="158" width="142" height="154"/>
	<SubTexture name="right confirm0001" x="584" y="158" width="142" height="154"/>
	<SubTexture name="right confirm0002" x="730" y="158" width="142" height="154"/>
	<SubTexture name="right confirm0003" x="730" y="158" width="142" height="154"/>
	<SubTexture name="right press0000" x="876" y="158" width="142" height="154"/>
	<SubTexture name="right press0001" x="876" y="158" width="142" height="154"/>
	<SubTexture name="right press0002" x="0" y="304" width="142" height="154"/>
	<SubTexture name="right press0003" x="0" y="304" width="142" height="154"/>
	<SubTexture name="right press0004" x="0" y="304" width="142" height="154"/>
	<SubTexture name="right press0005" x="0" y="304" width="142" height="154"/>
	<SubTexture name="right press0006" x="0" y="304" width="142" height="154"/>
	<SubTexture name="right press0007" x="0" y="304" width="142" height="154"/>
	<SubTexture name="right press0008" x="0" y="304" width="142" height="154"/>
	<SubTexture name="right press0009" x="0" y="304" width="142" height="154"/>
	<SubTexture name="right press0010" x="0" y="304" width="142" height="154"/>
	<SubTexture name="right press0011" x="0" y="304" width="142" height="154"/>
	<SubTexture name="right press0012" x="0" y="304" width="142" height="154"/>
	<SubTexture name="right press0013" x="0" y="304" width="142" height="154"/>
	<SubTexture name="right press0014" x="0" y="304" width="142" height="154"/>
	<SubTexture name="right press0015" x="0" y="304" width="142" height="154"/>
	<SubTexture name="right press0016" x="0" y="304" width="142" height="154"/>
	<SubTexture name="right press0017" x="0" y="304" width="142" height="154"/>
	<SubTexture name="right press0018" x="0" y="304" width="142" height="154"/>
	<SubTexture name="right press0019" x="0" y="304" width="142" height="154"/>
	<SubTexture name="up confirm0000" x="159" y="0" width="155" height="142"/>
	<SubTexture name="up confirm0001" x="159" y="0" width="155" height="142"/>
	<SubTexture name="up confirm0002" x="318" y="0" width="155" height="142"/>
	<SubTexture name="up confirm0003" x="318" y="0" width="155" height="142"/>
	<SubTexture name="up press0000" x="605" y="461" width="153" height="141"/>
	<SubTexture name="up press0001" x="605" y="461" width="153" height="141"/>
	<SubTexture name="up press0002" x="762" y="474" width="153" height="141"/>
	<SubTexture name="up press0003" x="762" y="474" width="153" height="141"/>
	<SubTexture name="up press0004" x="762" y="474" width="153" height="141"/>
	<SubTexture name="up press0005" x="762" y="474" width="153" height="141"/>
	<SubTexture name="up press0006" x="762" y="474" width="153" height="141"/>
	<SubTexture name="up press0007" x="762" y="474" width="153" height="141"/>
	<SubTexture name="up press0008" x="762" y="474" width="153" height="141"/>
	<SubTexture name="up press0009" x="762" y="474" width="153" height="141"/>
	<SubTexture name="up press0010" x="762" y="474" width="153" height="141"/>
	<SubTexture name="up press0011" x="762" y="474" width="153" height="141"/>
	<SubTexture name="up press0012" x="762" y="474" width="153" height="141"/>
	<SubTexture name="up press0013" x="762" y="474" width="153" height="141"/>
	<SubTexture name="up press0014" x="762" y="474" width="153" height="141"/>
	<SubTexture name="up press0015" x="762" y="474" width="153" height="141"/>
	<SubTexture name="up press0016" x="762" y="474" width="153" height="141"/>
	<SubTexture name="up press0017" x="762" y="474" width="153" height="141"/>
	<SubTexture name="up press0018" x="762" y="474" width="153" height="141"/>
	<SubTexture name="up press0019" x="762" y="474" width="153" height="141"/>
</TextureAtlas>
