{
	"songs": [
		[
			"Out Of Reach",
			"nova",
			[
				146,
				113,
				253
			]
		],
		[
			"Left Among the Stars",
			"nova",
			[
				146,
				113,
				253
			]
		],
		[
			"Novacolor",
			"nova",
			[
				146,
				113,
				253
			]
		]
	],
	"hiddenUntilUnlocked": false,
	"hideFreeplay": false,
	"weekBackground": "stage",
	"difficulties": "",
	"weekCharacters": [
		"dad",
		"bf",
		"gf"
	],
	"storyName": "Your New Week",
	"weekName": "Custom Week",
	"freeplayColor": [
		146,
		113,
		253
	],
	"hideStoryMode": false,
	"weekBefore": "tutorial",
	"startUnlocked": true
}