{
	"song": {
		"player1": "bf",
		"player2": "dad",
		"notes": [
			{
				"lengthInSteps": 16,
				"sectionNotes": [
					[
						1650,
						0,
						0
					],
					[
						1800,
						3,
						0
					],
					[
						1950,
						2,
						0
					],
					[
						2100,
						1,
						0
					],
					[
						2250,
						2,
						300
					]
				],
				"mustHitSection": false
			},
			{
				"lengthInSteps": 16,
				"sectionNotes": [
					[
						2775,
						6,
						150
					],
					[
						3225,
						7,
						0
					],
					[
						3375,
						5,
						0
					],
					[
						3600,
						4,
						0
					],
					[
						3750,
						6,
						300
					],
					[
						4200,
						5,
						0
					],
					[
						4200,
						7,
						0
					],
					[
						4425,
						7,
						150
					],
					[
						4425,
						5,
						150
					]
				],
				"mustHitSection": true
			},
			{
				"lengthInSteps": 16,
				"sectionNotes": [
					[
						4875,
						0,
						0
					],
					[
						4950,
						2,
						150
					],
					[
						5250,
						0,
						0
					],
					[
						5400,
						1,
						0
					],
					[
						5550,
						3,
						300
					],
					[
						6075,
						2,
						150
					],
					[
						6450,
						0,
						0
					],
					[
						6675,
						1,
						0
					],
					[
						6825,
						3,
						0
					],
					[
						7050,
						2,
						300
					]
				],
				"mustHitSection": false
			},
			{
				"lengthInSteps": 16,
				"sectionNotes": [
					[
						7425,
						6,
						0
					],
					[
						7650,
						5,
						0
					],
					[
						7800,
						6,
						150
					],
					[
						8025,
						0,
						0
					],
					[
						8175,
						3,
						0
					],
					[
						8325,
						2,
						0
					],
					[
						8475,
						1,
						0
					],
					[
						8625,
						2,
						450
					],
					[
						9225,
						1,
						150
					]
				],
				"mustHitSection": true
			},
			{
				"lengthInSteps": 16,
				"sectionNotes": [
					[
						9675,
						4,
						0
					],
					[
						9825,
						6,
						0
					],
					[
						9975,
						7,
						0
					],
					[
						10125,
						5,
						0
					],
					[
						10275,
						6,
						150
					],
					[
						10650,
						4,
						150
					],
					[
						10875,
						4,
						0
					],
					[
						10950,
						4,
						150
					],
					[
						11250,
						5,
						0
					],
					[
						11400,
						7,
						0
					],
					[
						11550,
						6,
						0
					],
					[
						11700,
						4,
						0
					],
					[
						11775,
						6,
						450
					]
				],
				"mustHitSection": false
			},
			{
				"lengthInSteps": 16,
				"sectionNotes": [
					[
						12450,
						0,
						300
					],
					[
						12900,
						1,
						0
					],
					[
						13050,
						3,
						0
					],
					[
						13200,
						2,
						0
					],
					[
						13350,
						0,
						300
					],
					[
						13800,
						0,
						0
					],
					[
						13950,
						0,
						0
					],
					[
						14025,
						2,
						0
					],
					[
						14175,
						3,
						0
					],
					[
						14250,
						1,
						0
					]
				],
				"mustHitSection": true
			},
			{
				"lengthInSteps": 16,
				"sectionNotes": [
					[
						14475,
						0,
						150
					],
					[
						14625,
						2,
						0
					],
					[
						14850,
						1,
						0
					],
					[
						15000,
						3,
						300
					],
					[
						15525,
						2,
						300
					],
					[
						16050,
						0,
						0
					],
					[
						16200,
						2,
						0
					],
					[
						16350,
						3,
						0
					],
					[
						16500,
						0,
						0
					],
					[
						16650,
						2,
						0
					]
				],
				"mustHitSection": false
			},
			{
				"lengthInSteps": 16,
				"sectionNotes": [
					[
						16875,
						6,
						150
					],
					[
						17250,
						6,
						0
					],
					[
						17175,
						6,
						0
					],
					[
						17400,
						6,
						0
					],
					[
						17625,
						4,
						150
					],
					[
						17850,
						5,
						0
					],
					[
						18000,
						7,
						0
					],
					[
						18150,
						6,
						300
					],
					[
						18750,
						4,
						300
					]
				],
				"mustHitSection": true
			},
			{
				"lengthInSteps": 16,
				"sectionNotes": [
					[
						19275,
						0,
						0
					],
					[
						19425,
						1,
						0
					],
					[
						19650,
						3,
						0
					],
					[
						19800,
						2,
						300
					],
					[
						20250,
						2,
						0
					],
					[
						20400,
						3,
						0
					],
					[
						20550,
						2,
						150
					],
					[
						20475,
						0,
						0
					],
					[
						20850,
						6,
						0
					],
					[
						21000,
						4,
						150
					],
					[
						21225,
						7,
						0
					],
					[
						21375,
						5,
						450
					]
				],
				"mustHitSection": false
			},
			{
				"lengthInSteps": 16,
				"sectionNotes": [
					[
						21975,
						2,
						300
					],
					[
						22500,
						1,
						0
					],
					[
						22650,
						3,
						0
					],
					[
						22800,
						0,
						0
					],
					[
						23025,
						3,
						150
					],
					[
						23475,
						0,
						0
					],
					[
						23475,
						3,
						0
					],
					[
						23700,
						0,
						0
					],
					[
						23850,
						2,
						0
					]
				],
				"mustHitSection": true
			},
			{
				"lengthInSteps": 16,
				"sectionNotes": [
					[
						24075,
						5,
						0
					],
					[
						24225,
						4,
						0
					],
					[
						24300,
						6,
						150
					],
					[
						24600,
						5,
						450
					],
					[
						25200,
						7,
						300
					],
					[
						25650,
						5,
						0
					],
					[
						25800,
						4,
						0
					],
					[
						25950,
						6,
						150
					],
					[
						26175,
						7,
						150
					]
				],
				"mustHitSection": false
			},
			{
				"lengthInSteps": 16,
				"sectionNotes": [
					[
						26550,
						0,
						0
					],
					[
						26700,
						0,
						0
					],
					[
						26850,
						1,
						0
					],
					[
						27000,
						2,
						0
					],
					[
						27150,
						1,
						0
					],
					[
						27225,
						4,
						150
					],
					[
						27375,
						6,
						0
					],
					[
						27525,
						7,
						0
					],
					[
						27675,
						6,
						300
					],
					[
						28050,
						4,
						300
					],
					[
						28500,
						6,
						150
					]
				],
				"mustHitSection": true
			},
			{
				"lengthInSteps": 16,
				"sectionNotes": [
					[
						28875,
						0,
						0
					],
					[
						29025,
						2,
						0
					],
					[
						29250,
						3,
						0
					],
					[
						29400,
						2,
						150
					],
					[
						29625,
						0,
						0
					],
					[
						29925,
						0,
						0
					],
					[
						29775,
						2,
						0
					],
					[
						30075,
						1,
						0
					],
					[
						30225,
						2,
						0
					],
					[
						30375,
						3,
						150
					],
					[
						30600,
						1,
						0
					],
					[
						30825,
						2,
						150
					]
				],
				"mustHitSection": false
			},
			{
				"lengthInSteps": 16,
				"sectionNotes": [
					[
						31200,
						4,
						300
					],
					[
						31575,
						6,
						300
					],
					[
						32025,
						7,
						0
					],
					[
						32175,
						4,
						0
					],
					[
						32850,
						6,
						0
					],
					[
						32400,
						6,
						300
					],
					[
						33000,
						4,
						0
					],
					[
						33225,
						7,
						0
					],
					[
						33375,
						6,
						0
					],
					[
						33450,
						6,
						0
					]
				],
				"mustHitSection": true
			},
			{
				"lengthInSteps": 16,
				"sectionNotes": [
					[
						33675,
						6,
						0
					],
					[
						33825,
						5,
						0
					],
					[
						33975,
						7,
						150
					],
					[
						34350,
						5,
						150
					],
					[
						34725,
						6,
						300
					],
					[
						35250,
						4,
						0
					],
					[
						35475,
						7,
						0
					],
					[
						35625,
						6,
						150
					]
				],
				"mustHitSection": false
			},
			{
				"lengthInSteps": 16,
				"sectionNotes": [
					[
						36000,
						0,
						0
					],
					[
						36225,
						0,
						0
					],
					[
						36375,
						3,
						0
					],
					[
						36600,
						2,
						0
					],
					[
						36600,
						0,
						0
					],
					[
						36825,
						3,
						0
					],
					[
						36975,
						2,
						0
					],
					[
						37125,
						0,
						0
					],
					[
						37275,
						2,
						150
					],
					[
						37650,
						3,
						0
					],
					[
						37875,
						3,
						0
					],
					[
						38100,
						2,
						150
					]
				],
				"mustHitSection": true
			},
			{
				"lengthInSteps": 16,
				"sectionNotes": [
					[
						38475,
						6,
						0
					],
					[
						38625,
						5,
						0
					],
					[
						38700,
						7,
						0
					],
					[
						38850,
						4,
						150
					],
					[
						39150,
						7,
						0
					],
					[
						39375,
						7,
						0
					],
					[
						39450,
						7,
						0
					],
					[
						39675,
						7,
						0
					],
					[
						39825,
						5,
						150
					],
					[
						40050,
						0,
						0
					],
					[
						40200,
						2,
						0
					],
					[
						40425,
						1,
						0
					],
					[
						40500,
						1,
						0
					],
					[
						40650,
						2,
						0
					]
				],
				"mustHitSection": false
			},
			{
				"lengthInSteps": 16,
				"sectionNotes": [
					[
						40875,
						6,
						0
					],
					[
						41325,
						4,
						0
					],
					[
						41625,
						5,
						0
					],
					[
						41925,
						4,
						0
					],
					[
						42075,
						6,
						0
					],
					[
						42525,
						7,
						0
					],
					[
						42750,
						4,
						0
					],
					[
						42900,
						6,
						0
					],
					[
						42975,
						6,
						0
					],
					[
						42300,
						6,
						0
					]
				],
				"mustHitSection": true
			},
			{
				"lengthInSteps": 16,
				"sectionNotes": [
					[
						43275,
						0,
						0
					],
					[
						43425,
						2,
						0
					],
					[
						43575,
						1,
						0
					],
					[
						43725,
						2,
						0
					],
					[
						43800,
						2,
						0
					],
					[
						44025,
						2,
						0
					],
					[
						44475,
						0,
						0
					],
					[
						44550,
						0,
						0
					],
					[
						44625,
						0,
						0
					],
					[
						44700,
						0,
						0
					],
					[
						44775,
						0,
						0
					],
					[
						44850,
						0,
						0
					],
					[
						45075,
						3,
						0
					],
					[
						45225,
						2,
						0
					],
					[
						45450,
						0,
						0
					]
				],
				"mustHitSection": false
			},
			{
				"lengthInSteps": 16,
				"sectionNotes": [
					[
						45675,
						7,
						0
					],
					[
						45825,
						5,
						0
					],
					[
						46050,
						6,
						0
					],
					[
						46200,
						6,
						0
					],
					[
						46275,
						6,
						0
					],
					[
						46500,
						2,
						0
					],
					[
						46650,
						0,
						0
					],
					[
						46800,
						2,
						0
					],
					[
						47025,
						2,
						0
					],
					[
						47100,
						2,
						0
					],
					[
						47250,
						3,
						0
					],
					[
						47625,
						1,
						0
					]
				],
				"mustHitSection": true
			},
			{
				"lengthInSteps": 16,
				"sectionNotes": [
					[
						48000,
						5,
						0
					],
					[
						48150,
						7,
						0
					],
					[
						48375,
						6,
						0
					],
					[
						48450,
						6,
						0
					],
					[
						48525,
						6,
						0
					],
					[
						48600,
						6,
						0
					],
					[
						48750,
						4,
						0
					],
					[
						48975,
						7,
						0
					],
					[
						49275,
						6,
						0
					],
					[
						49350,
						6,
						0
					],
					[
						49425,
						6,
						0
					],
					[
						49500,
						6,
						0
					],
					[
						49650,
						4,
						0
					],
					[
						49800,
						6,
						0
					],
					[
						50025,
						4,
						0
					],
					[
						50175,
						7,
						0
					],
					[
						50100,
						7,
						0
					]
				],
				"mustHitSection": false
			},
			{
				"lengthInSteps": 16,
				"sectionNotes": [
					[
						50400,
						2,
						0
					],
					[
						50700,
						0,
						0
					],
					[
						50925,
						2,
						0
					],
					[
						51000,
						2,
						0
					],
					[
						51075,
						2,
						0
					],
					[
						51225,
						0,
						0
					],
					[
						51450,
						3,
						0
					],
					[
						51675,
						2,
						0
					],
					[
						51900,
						0,
						0
					],
					[
						52125,
						1,
						0
					],
					[
						52275,
						2,
						0
					],
					[
						52500,
						0,
						0
					],
					[
						52650,
						3,
						0
					]
				],
				"mustHitSection": true
			},
			{
				"lengthInSteps": 16,
				"sectionNotes": [
					[
						52875,
						3,
						0
					],
					[
						53025,
						1,
						0
					],
					[
						53250,
						2,
						0
					],
					[
						53400,
						3,
						0
					],
					[
						53550,
						2,
						300
					],
					[
						54000,
						1,
						300
					],
					[
						54450,
						3,
						0
					],
					[
						54600,
						0,
						0
					],
					[
						54750,
						1,
						0
					],
					[
						54900,
						3,
						0
					],
					[
						55050,
						2,
						450
					]
				],
				"mustHitSection": false
			},
			{
				"lengthInSteps": 16,
				"sectionNotes": [
					[
						55425,
						6,
						0
					],
					[
						55650,
						6,
						0
					],
					[
						55725,
						6,
						0
					],
					[
						56025,
						7,
						0
					],
					[
						56250,
						5,
						0
					],
					[
						56475,
						4,
						0
					],
					[
						56625,
						6,
						300
					],
					[
						57150,
						6,
						300
					]
				],
				"mustHitSection": true
			},
			{
				"lengthInSteps": 16,
				"sectionNotes": [
					[
						57675,
						0,
						0
					],
					[
						57825,
						2,
						0
					],
					[
						58050,
						3,
						0
					],
					[
						58275,
						1,
						150
					],
					[
						58650,
						1,
						0
					],
					[
						58800,
						2,
						0
					],
					[
						58950,
						3,
						0
					],
					[
						59325,
						4,
						0
					],
					[
						59475,
						6,
						0
					],
					[
						59625,
						7,
						0
					],
					[
						59850,
						6,
						300
					]
				],
				"mustHitSection": false
			},
			{
				"lengthInSteps": 16,
				"sectionNotes": [
					[
						60375,
						2,
						300
					],
					[
						60825,
						1,
						0
					],
					[
						61050,
						3,
						0
					],
					[
						61200,
						1,
						0
					],
					[
						61425,
						3,
						300
					],
					[
						61875,
						2,
						0
					],
					[
						62025,
						2,
						0
					],
					[
						62100,
						2,
						0
					],
					[
						62325,
						3,
						0
					]
				],
				"mustHitSection": true
			},
			{
				"lengthInSteps": 16,
				"sectionNotes": [
					[
						62550,
						5,
						0
					],
					[
						62775,
						7,
						0
					],
					[
						63675,
						5,
						150
					],
					[
						62925,
						6,
						600
					],
					[
						63975,
						7,
						0
					],
					[
						64275,
						4,
						0
					],
					[
						64575,
						6,
						300
					]
				],
				"mustHitSection": false
			},
			{
				"lengthInSteps": 16,
				"sectionNotes": [
					[
						64950,
						2,
						0
					],
					[
						65250,
						3,
						0
					],
					[
						65400,
						1,
						0
					],
					[
						65025,
						2,
						0
					],
					[
						65700,
						4,
						0
					],
					[
						65850,
						6,
						0
					],
					[
						66075,
						7,
						0
					],
					[
						66825,
						6,
						0
					],
					[
						66300,
						6,
						600
					]
				],
				"mustHitSection": true
			},
			{
				"lengthInSteps": 16,
				"sectionNotes": [
					[
						67275,
						0,
						0
					],
					[
						67500,
						2,
						150
					],
					[
						67875,
						1,
						300
					],
					[
						68325,
						1,
						0
					],
					[
						68475,
						1,
						0
					],
					[
						68550,
						1,
						300
					],
					[
						68925,
						3,
						0
					],
					[
						69075,
						2,
						0
					],
					[
						69300,
						1,
						0
					],
					[
						69450,
						0,
						450
					]
				],
				"mustHitSection": false
			},
			{
				"lengthInSteps": 16,
				"sectionNotes": [
					[
						70050,
						6,
						300
					],
					[
						70500,
						5,
						0
					],
					[
						70650,
						4,
						150
					],
					[
						70875,
						6,
						0
					],
					[
						71100,
						6,
						150
					],
					[
						71400,
						6,
						0
					],
					[
						71550,
						6,
						0
					],
					[
						71625,
						6,
						0
					],
					[
						71775,
						5,
						0
					],
					[
						71925,
						4,
						0
					]
				],
				"mustHitSection": true
			},
			{
				"lengthInSteps": 16,
				"sectionNotes": [
					[
						72075,
						4,
						0
					],
					[
						72225,
						6,
						0
					],
					[
						72375,
						7,
						0
					],
					[
						72525,
						6,
						300
					],
					[
						73200,
						5,
						300
					],
					[
						73650,
						6,
						0
					],
					[
						73800,
						7,
						0
					],
					[
						73950,
						5,
						0
					],
					[
						74175,
						7,
						450
					],
					[
						72075,
						3,
						0
					],
					[
						72225,
						1,
						0
					],
					[
						72375,
						0,
						0
					],
					[
						72525,
						1,
						300
					],
					[
						73200,
						2,
						300
					],
					[
						73650,
						1,
						0
					],
					[
						73800,
						0,
						0
					],
					[
						73950,
						2,
						0
					],
					[
						74175,
						0,
						450
					]
				],
				"mustHitSection": false
			},
			{
				"lengthInSteps": 16,
				"sectionNotes": [
					[
						74625,
						7,
						0
					],
					[
						74850,
						7,
						150
					],
					[
						75300,
						6,
						0
					],
					[
						75525,
						4,
						0
					],
					[
						75600,
						6,
						0
					],
					[
						75825,
						7,
						0
					],
					[
						75975,
						6,
						300
					],
					[
						76425,
						5,
						300
					],
					[
						75300,
						1,
						0
					],
					[
						75525,
						3,
						0
					],
					[
						75825,
						0,
						0
					],
					[
						75975,
						1,
						300
					],
					[
						76425,
						2,
						300
					]
				],
				"mustHitSection": true
			},
			{
				"sectionNotes": [
					[
						76875,
						1,
						0
					],
					[
						77025,
						3,
						0
					],
					[
						77175,
						2,
						0
					],
					[
						77400,
						1,
						0
					],
					[
						77550,
						0,
						150
					],
					[
						77850,
						0,
						0
					],
					[
						77925,
						0,
						0
					],
					[
						78150,
						0,
						0
					],
					[
						78300,
						1,
						0
					],
					[
						78525,
						1,
						450
					],
					[
						76875,
						6,
						0
					],
					[
						77025,
						4,
						0
					],
					[
						77175,
						5,
						0
					],
					[
						77400,
						6,
						0
					],
					[
						77550,
						7,
						150
					],
					[
						77850,
						7,
						0
					],
					[
						77925,
						7,
						0
					],
					[
						78150,
						7,
						0
					],
					[
						78300,
						6,
						0
					],
					[
						78525,
						6,
						900
					]
				],
				"typeOfSection": 0,
				"lengthInSteps": 16,
				"altAnim": false,
				"mustHitSection": true,
				"changeBPM": false,
				"bpm": 100
			},
			{
				"sectionNotes": [
					[
						79425,
						6,
						0
					],
					[
						79575,
						5,
						0
					],
					[
						79725,
						6,
						0
					],
					[
						79875,
						5,
						0
					]
				],
				"typeOfSection": 0,
				"lengthInSteps": 16,
				"altAnim": false,
				"mustHitSection": true,
				"changeBPM": false,
				"bpm": 100
			},
			{
				"sectionNotes": [],
				"typeOfSection": 0,
				"lengthInSteps": 16,
				"altAnim": false,
				"mustHitSection": true,
				"changeBPM": false,
				"bpm": 100
			},
			{
				"sectionNotes": [],
				"typeOfSection": 0,
				"lengthInSteps": 16,
				"altAnim": false,
				"mustHitSection": true,
				"changeBPM": false,
				"bpm": 100
			},
			{
				"sectionNotes": [],
				"typeOfSection": 0,
				"lengthInSteps": 16,
				"altAnim": false,
				"mustHitSection": true,
				"changeBPM": false,
				"bpm": 100
			},
			{
				"sectionNotes": [],
				"typeOfSection": 0,
				"lengthInSteps": 16,
				"altAnim": false,
				"mustHitSection": true,
				"changeBPM": false,
				"bpm": 100
			},
			{
				"sectionNotes": [],
				"typeOfSection": 0,
				"lengthInSteps": 16,
				"altAnim": false,
				"mustHitSection": true,
				"changeBPM": false,
				"bpm": 100
			},
			{
				"sectionNotes": [],
				"typeOfSection": 0,
				"lengthInSteps": 16,
				"altAnim": false,
				"mustHitSection": true,
				"changeBPM": false,
				"bpm": 100
			},
			{
				"sectionNotes": [],
				"typeOfSection": 0,
				"lengthInSteps": 16,
				"altAnim": false,
				"mustHitSection": true,
				"changeBPM": false,
				"bpm": 100
			},
			{
				"sectionNotes": [],
				"typeOfSection": 0,
				"lengthInSteps": 16,
				"altAnim": false,
				"mustHitSection": true,
				"changeBPM": false,
				"bpm": 100
			},
			{
				"sectionNotes": [],
				"typeOfSection": 0,
				"lengthInSteps": 16,
				"altAnim": false,
				"mustHitSection": true,
				"changeBPM": false,
				"bpm": 100
			},
			{
				"sectionNotes": [],
				"typeOfSection": 0,
				"lengthInSteps": 16,
				"altAnim": false,
				"mustHitSection": true,
				"changeBPM": false,
				"bpm": 100
			},
			{
				"lengthInSteps": 16,
				"altAnim": false,
				"typeOfSection": 0,
				"sectionNotes": [],
				"bpm": 100,
				"changeBPM": false,
				"mustHitSection": true
			}
		],
		"player3": "gf",
		"song": "Bopeebo",
		"needsVoices": true,
		"validScore": true,
		"speed": 3,
		"bpm": 100
	}
}