{
	"song": {
		"sectionLengths": [],
		"player1": "bf",
		"events": [],
		"gfVersion": "gf",
		"player2": "nova",
		"notes": [
			{
				"sectionNotes": [
					[
						0,
						0,
						0
					],
					[
						447.916666666667,
						1,
						0
					],
					[
						864.583333333333,
						2,
						0
					],
					[
						1052.08333333333,
						3,
						0
					],
					[
						1239.58333333333,
						2,
						0
					],
					[
						1666.66666666667,
						0,
						0
					]
				],
				"typeOfSection": 0,
				"lengthInSteps": 16,
				"bpm": 120,
				"changeBPM": false,
				"mustHitSection": false
			},
			{
				"sectionNotes": [
					[
						3437.5,
						0,
						0
					],
					[
						3812.5,
						1,
						0
					],
					[
						2125,
						5,
						0
					],
					[
						2593.75,
						7,
						0
					],
					[
						2802.08333333333,
						6,
						0
					],
					[
						3052.08333333333,
						4,
						0
					],
					[
						3260.41666666667,
						5,
						0
					]
				],
				"typeOfSection": 0,
				"lengthInSteps": 16,
				"bpm": 120,
				"changeBPM": false,
				"mustHitSection": true
			},
			{
				"sectionNotes": [
					[
						4239.58333333333,
						2,
						0
					],
					[
						4427.08333333333,
						3,
						0
					],
					[
						4625,
						2,
						0
					],
					[
						5020.83333333333,
						0,
						0
					],
					[
						5479.16666666667,
						1,
						0
					],
					[
						5968.75,
						2,
						0
					]
				],
				"typeOfSection": 0,
				"lengthInSteps": 16,
				"bpm": 120,
				"changeBPM": false,
				"mustHitSection": true
			},
			{
				"sectionNotes": [
					[
						6208.33333333333,
						1,
						0
					],
					[
						6447.91666666667,
						2,
						0
					],
					[
						6604.16666666667,
						1,
						0
					],
					[
						6864.58333333333,
						4,
						0
					],
					[
						7041.66666666667,
						5,
						0
					],
					[
						7250,
						6,
						0
					],
					[
						7677.08333333333,
						6,
						0
					],
					[
						7895.83333333333,
						4,
						0
					],
					[
						7434.375,
						7,
						0
					]
				],
				"typeOfSection": 0,
				"lengthInSteps": 16,
				"bpm": 120,
				"changeBPM": false,
				"mustHitSection": true
			},
			{
				"sectionNotes": [
					[
						8125,
						1,
						0
					],
					[
						8333.33333333333,
						2,
						0
					],
					[
						8572.91666666667,
						3,
						0
					],
					[
						8802.08333333333,
						2,
						0
					],
					[
						8989.58333333333,
						0,
						0
					],
					[
						9218.75,
						1,
						0
					],
					[
						9437.5,
						2,
						0
					],
					[
						9645.83333333333,
						3,
						0
					],
					[
						9843.75,
						2,
						0
					]
				],
				"typeOfSection": 0,
				"lengthInSteps": 16,
				"bpm": 120,
				"changeBPM": false,
				"mustHitSection": false
			},
			{
				"sectionNotes": [
					[
						10302.0833333333,
						3,
						0
					],
					[
						10510.4166666667,
						2,
						0
					],
					[
						10697.9166666667,
						0,
						0
					],
					[
						11010.4166666667,
						1,
						0
					],
					[
						11145.8333333333,
						3,
						0
					],
					[
						11395.8333333333,
						1,
						0
					],
					[
						11583.3333333333,
						2,
						0
					],
					[
						11760.4166666667,
						0,
						0
					],
					[
						10043.75,
						4,
						0
					]
				],
				"typeOfSection": 0,
				"lengthInSteps": 16,
				"bpm": 120,
				"changeBPM": false,
				"mustHitSection": true
			},
			{
				"sectionNotes": [
					[
						12010.4166666667,
						3,
						0
					],
					[
						12229.1666666667,
						2,
						0
					],
					[
						12427.0833333333,
						0,
						0
					],
					[
						12854.1666666667,
						0,
						0
					],
					[
						12895.8333333333,
						1,
						0
					],
					[
						12989.5833333333,
						3,
						0
					],
					[
						13062.5,
						2,
						0
					],
					[
						13145.8333333333,
						0,
						0
					],
					[
						13197.9166666667,
						1,
						0
					],
					[
						13291.6666666667,
						3,
						0
					],
					[
						13375,
						2,
						0
					],
					[
						13406.25,
						0,
						0
					],
					[
						13479.1666666667,
						1,
						0
					],
					[
						13520.8333333333,
						3,
						0
					],
					[
						13562.5,
						2,
						0
					],
					[
						13697.9166666667,
						4,
						0
					]
				],
				"typeOfSection": 0,
				"lengthInSteps": 16,
				"bpm": 120,
				"changeBPM": false,
				"mustHitSection": true
			},
			{
				"sectionNotes": [
					[
						14093.75,
						1,
						0
					],
					[
						14604.1666666667,
						2,
						0
					],
					[
						14770.8333333333,
						2,
						0
					],
					[
						15010.4166666667,
						0,
						0
					],
					[
						15427.0833333333,
						1,
						0
					],
					[
						15885.4166666667,
						3,
						0
					]
				],
				"typeOfSection": 0,
				"lengthInSteps": 16,
				"bpm": 120,
				"changeBPM": false,
				"mustHitSection": false
			},
			{
				"sectionNotes": [
					[
						17145.8333333333,
						1,
						0
					],
					[
						17552.0833333333,
						3,
						0
					],
					[
						17958.3333333333,
						1,
						0
					],
					[
						16281.25,
						5,
						0
					],
					[
						16468.75,
						5,
						0
					],
					[
						16677.0833333333,
						4,
						0
					],
					[
						16906.25,
						5,
						0
					]
				],
				"typeOfSection": 0,
				"lengthInSteps": 16,
				"bpm": 120,
				"changeBPM": false,
				"mustHitSection": true
			},
			{
				"sectionNotes": [
					[
						18156.25,
						1,
						0
					],
					[
						18406.25,
						0,
						0
					],
					[
						18822.9166666667,
						1,
						0
					],
					[
						19302.0833333333,
						2,
						0
					],
					[
						19770.8333333333,
						3,
						0
					],
					[
						19968.75,
						2,
						0
					]
				],
				"typeOfSection": 0,
				"lengthInSteps": 16,
				"bpm": 120,
				"changeBPM": false,
				"mustHitSection": true
			},
			{
				"sectionNotes": [
					[
						20218.75,
						3,
						0
					],
					[
						20385.4166666667,
						2,
						0
					],
					[
						20593.75,
						5,
						0
					],
					[
						21031.25,
						5,
						0
					],
					[
						21239.5833333333,
						4,
						0
					],
					[
						21458.3333333333,
						6,
						0
					],
					[
						21625,
						4,
						0
					],
					[
						20803.125,
						7,
						0
					],
					[
						21875,
						7,
						0
					]
				],
				"typeOfSection": 0,
				"lengthInSteps": 16,
				"bpm": 120,
				"changeBPM": false,
				"mustHitSection": true
			},
			{
				"sectionNotes": [
					[
						22052.0833333333,
						1,
						0
					],
					[
						22291.6666666667,
						2,
						0
					],
					[
						22479.1666666667,
						0,
						0
					],
					[
						22687.5,
						3,
						0
					],
					[
						22895.8333333333,
						2,
						0
					],
					[
						23125,
						0,
						0
					],
					[
						23343.75,
						1,
						0
					],
					[
						23562.5,
						3,
						0
					],
					[
						23791.6666666667,
						2,
						0
					]
				],
				"typeOfSection": 0,
				"lengthInSteps": 16,
				"bpm": 120,
				"changeBPM": false,
				"mustHitSection": false
			},
			{
				"sectionNotes": [
					[
						24020.8333333333,
						1,
						0
					],
					[
						24197.9166666667,
						0,
						0
					],
					[
						24395.8333333333,
						1,
						0
					],
					[
						24614.5833333333,
						3,
						0
					],
					[
						24802.0833333333,
						2,
						0
					],
					[
						25031.25,
						0,
						0
					],
					[
						25218.75,
						1,
						0
					],
					[
						25447.9166666667,
						3,
						0
					],
					[
						25656.25,
						2,
						0
					],
					[
						25864.5833333333,
						0,
						0
					]
				],
				"typeOfSection": 0,
				"lengthInSteps": 16,
				"bpm": 120,
				"changeBPM": false,
				"mustHitSection": true
			},
			{
				"sectionNotes": [
					[
						26072.9166666667,
						1,
						0
					],
					[
						26322.9166666667,
						3,
						0
					],
					[
						26614.5833333333,
						2,
						0
					],
					[
						26760.4166666667,
						3,
						0
					],
					[
						26906.25,
						2,
						0
					],
					[
						27020.8333333333,
						3,
						0
					],
					[
						27125,
						2,
						0
					],
					[
						27395.8333333333,
						5,
						0
					],
					[
						27562.5,
						5,
						0
					],
					[
						27791.6666666667,
						5,
						0
					],
					[
						27690.625,
						7,
						0
					]
				],
				"typeOfSection": 0,
				"lengthInSteps": 16,
				"bpm": 120,
				"changeBPM": false,
				"mustHitSection": true
			},
			{
				"sectionNotes": [
					[
						28072.9166666667,
						2,
						0
					],
					[
						28312.5,
						0,
						0
					],
					[
						28541.6666666667,
						2,
						0
					],
					[
						28729.1666666667,
						3,
						0
					],
					[
						28916.6666666667,
						2,
						0
					],
					[
						29114.5833333333,
						0,
						0
					],
					[
						29312.5,
						1,
						0
					],
					[
						29479.1666666667,
						1,
						0
					],
					[
						29687.5,
						3,
						0
					],
					[
						29906.25,
						2,
						0
					]
				],
				"typeOfSection": 0,
				"lengthInSteps": 16,
				"bpm": 120,
				"changeBPM": false,
				"mustHitSection": false
			},
			{
				"sectionNotes": [
					[
						30885.4166666667,
						1,
						0
					],
					[
						31041.6666666667,
						0,
						0
					],
					[
						31156.25,
						1,
						0
					],
					[
						31229.1666666667,
						1,
						0
					],
					[
						31489.5833333333,
						2,
						0
					],
					[
						31718.75,
						3,
						0
					],
					[
						31906.25,
						2,
						0
					],
					[
						30083.3333333333,
						4,
						0
					],
					[
						30333.3333333333,
						5,
						0
					],
					[
						30520.8333333333,
						7,
						0
					],
					[
						30625,
						4,
						0
					]
				],
				"typeOfSection": 0,
				"lengthInSteps": 16,
				"bpm": 120,
				"changeBPM": false,
				"mustHitSection": true
			},
			{
				"sectionNotes": [
					[
						32114.5833333333,
						0,
						0
					],
					[
						32312.5,
						1,
						0
					],
					[
						32541.6666666667,
						2,
						0
					],
					[
						32729.1666666667,
						3,
						0
					],
					[
						32989.5833333333,
						1,
						0
					],
					[
						33166.6666666667,
						0,
						0
					],
					[
						33364.5833333333,
						1,
						0
					],
					[
						33614.5833333333,
						2,
						0
					],
					[
						33822.9166666667,
						3,
						0
					],
					[
						33979.1666666667,
						2,
						0
					]
				],
				"typeOfSection": 0,
				"lengthInSteps": 16,
				"bpm": 120,
				"changeBPM": false,
				"mustHitSection": true
			},
			{
				"sectionNotes": [
					[
						34281.25,
						1,
						0
					],
					[
						34427.0833333333,
						1,
						0
					],
					[
						34666.6666666667,
						2,
						0
					],
					[
						34875,
						1,
						0
					],
					[
						35114.5833333333,
						3,
						0
					],
					[
						35333.3333333333,
						2,
						0
					],
					[
						35562.5,
						0,
						0
					],
					[
						35770.8333333333,
						1,
						0
					]
				],
				"typeOfSection": 0,
				"lengthInSteps": 16,
				"bpm": 120,
				"changeBPM": false,
				"mustHitSection": false
			},
			{
				"sectionNotes": [
					[
						37729.1666666667,
						1,
						0
					],
					[
						37916.6666666667,
						1,
						0
					],
					[
						36000,
						5,
						0
					],
					[
						36156.25,
						5,
						0
					],
					[
						36395.8333333333,
						7,
						0
					],
					[
						36593.75,
						5,
						0
					],
					[
						36822.9166666667,
						6,
						0
					],
					[
						37031.25,
						4,
						0
					],
					[
						37218.75,
						7,
						0
					],
					[
						37427.0833333333,
						6,
						0
					]
				],
				"typeOfSection": 0,
				"lengthInSteps": 16,
				"bpm": 120,
				"changeBPM": false,
				"mustHitSection": true
			},
			{
				"sectionNotes": [
					[
						38177.0833333333,
						3,
						0
					],
					[
						38354.1666666667,
						2,
						0
					],
					[
						38593.75,
						0,
						0
					],
					[
						38822.9166666667,
						1,
						0
					],
					[
						39041.6666666667,
						3,
						0
					],
					[
						39250,
						2,
						0
					],
					[
						39510.4166666667,
						1,
						0
					],
					[
						39687.5,
						1,
						0
					],
					[
						39947.9166666667,
						3,
						0
					]
				],
				"typeOfSection": 0,
				"lengthInSteps": 16,
				"bpm": 120,
				"changeBPM": false,
				"mustHitSection": true
			},
			{
				"sectionNotes": [
					[
						40156.25,
						2,
						0
					],
					[
						40343.75,
						0,
						0
					],
					[
						40583.3333333333,
						3,
						0
					],
					[
						40750,
						2,
						0
					],
					[
						40968.75,
						0,
						0
					],
					[
						41125,
						5,
						0
					],
					[
						41385.4166666667,
						5,
						0
					],
					[
						41479.1666666667,
						5,
						0
					],
					[
						41583.3333333333,
						5,
						0
					]
				],
				"typeOfSection": 0,
				"lengthInSteps": 16,
				"bpm": 120,
				"changeBPM": false,
				"mustHitSection": true
			},
			{
				"sectionNotes": [
					[
						42447.9166666667,
						1,
						0
					],
					[
						42697.9166666667,
						3,
						0
					],
					[
						42916.6666666667,
						1,
						0
					],
					[
						43125,
						1,
						0
					],
					[
						43302.0833333333,
						1,
						0
					],
					[
						43531.25,
						3,
						0
					],
					[
						43729.1666666667,
						1,
						0
					],
					[
						43927.0833333333,
						2,
						0
					]
				],
				"typeOfSection": 0,
				"lengthInSteps": 16,
				"bpm": 120,
				"changeBPM": false,
				"mustHitSection": false
			},
			{
				"sectionNotes": [
					[
						44583.3333333333,
						1,
						0
					],
					[
						44791.6666666667,
						1,
						0
					],
					[
						44885.4166666667,
						1,
						0
					],
					[
						44135.4166666667,
						4,
						0
					],
					[
						44291.6666666667,
						7,
						0
					]
				],
				"typeOfSection": 0,
				"lengthInSteps": 16,
				"bpm": 120,
				"changeBPM": false,
				"mustHitSection": true
			},
			{
				"sectionNotes": [
					[
						46020.8333333333,
						3,
						0
					],
					[
						46250,
						0,
						0
					],
					[
						46510.4166666667,
						1,
						0
					],
					[
						46718.75,
						2,
						0
					],
					[
						46927.0833333333,
						3,
						0
					],
					[
						47135.4166666667,
						2,
						0
					],
					[
						47364.5833333333,
						0,
						0
					],
					[
						47572.9166666667,
						1,
						0
					],
					[
						47697.9166666667,
						3,
						0
					]
				],
				"typeOfSection": 0,
				"lengthInSteps": 16,
				"bpm": 120,
				"changeBPM": false,
				"mustHitSection": true
			},
			{
				"sectionNotes": [
					[
						48010.4166666667,
						1,
						0
					],
					[
						48166.6666666667,
						1,
						0
					],
					[
						48270.8333333333,
						1,
						0
					],
					[
						48364.5833333333,
						1,
						0
					],
					[
						48489.5833333333,
						1,
						0
					],
					[
						49343.75,
						3,
						0
					],
					[
						49562.5,
						2,
						0
					],
					[
						49729.1666666667,
						0,
						0
					],
					[
						49958.3333333333,
						1,
						0
					]
				],
				"typeOfSection": 0,
				"lengthInSteps": 16,
				"bpm": 120,
				"changeBPM": false,
				"mustHitSection": false
			},
			{
				"sectionNotes": [
					[
						51479.1666666667,
						1,
						0
					],
					[
						51645.8333333333,
						1,
						0
					],
					[
						51739.5833333333,
						1,
						0
					],
					[
						51854.1666666667,
						1,
						0
					],
					[
						50062.5,
						5,
						0
					],
					[
						50156.25,
						5,
						0
					],
					[
						51062.5,
						6,
						0
					],
					[
						51250,
						4,
						0
					]
				],
				"typeOfSection": 0,
				"lengthInSteps": 16,
				"bpm": 120,
				"changeBPM": false,
				"mustHitSection": true
			},
			{
				"sectionNotes": [
					[
						52708.3333333333,
						0,
						0
					],
					[
						52927.0833333333,
						2,
						0
					],
					[
						53104.1666666667,
						3,
						0
					],
					[
						53343.75,
						1,
						0
					],
					[
						53458.3333333333,
						1,
						0
					],
					[
						53572.9166666667,
						1,
						0
					]
				],
				"typeOfSection": 0,
				"lengthInSteps": 16,
				"bpm": 120,
				"changeBPM": false,
				"mustHitSection": true
			},
			{
				"sectionNotes": [
					[
						54375,
						3,
						0
					],
					[
						54572.9166666667,
						2,
						0
					],
					[
						54833.3333333333,
						4,
						0
					],
					[
						55072.9166666667,
						5,
						0
					],
					[
						55187.5,
						6,
						0
					],
					[
						55562.5,
						6,
						0
					],
					[
						55770.8333333333,
						4,
						0
					],
					[
						55979.1666666667,
						5,
						0
					],
					[
						55321.875,
						7,
						0
					]
				],
				"typeOfSection": 0,
				"lengthInSteps": 16,
				"bpm": 120,
				"changeBPM": false,
				"mustHitSection": true
			},
			{
				"sectionNotes": [
					[
						56197.9166666667,
						2,
						0
					],
					[
						56406.25,
						3,
						0
					],
					[
						56614.5833333333,
						2,
						0
					],
					[
						56791.6666666667,
						0,
						0
					],
					[
						57010.4166666667,
						0,
						0
					],
					[
						57239.5833333333,
						1,
						0
					],
					[
						57458.3333333333,
						2,
						0
					],
					[
						57645.8333333333,
						3,
						0
					],
					[
						57854.1666666667,
						2,
						0
					]
				],
				"typeOfSection": 0,
				"lengthInSteps": 16,
				"bpm": 120,
				"changeBPM": false,
				"mustHitSection": false
			},
			{
				"sectionNotes": [
					[
						58302.0833333333,
						1,
						0
					],
					[
						58447.9166666667,
						1,
						0
					],
					[
						58552.0833333333,
						1,
						0
					],
					[
						58625,
						3,
						0
					],
					[
						58739.5833333333,
						1,
						0
					],
					[
						59010.4166666667,
						2,
						0
					],
					[
						59187.5,
						0,
						0
					],
					[
						59416.6666666667,
						3,
						0
					],
					[
						59625,
						2,
						0
					],
					[
						59854.1666666667,
						0,
						0
					],
					[
						58028.125,
						4,
						0
					]
				],
				"typeOfSection": 0,
				"lengthInSteps": 16,
				"bpm": 120,
				"changeBPM": false,
				"mustHitSection": true
			},
			{
				"sectionNotes": [
					[
						60062.5,
						1,
						0
					],
					[
						60239.5833333333,
						3,
						0
					],
					[
						60447.9166666667,
						2,
						0
					],
					[
						60656.25,
						2,
						0
					],
					[
						60885.4166666667,
						0,
						0
					],
					[
						61072.9166666667,
						1,
						0
					],
					[
						61281.25,
						3,
						0
					],
					[
						61479.1666666667,
						1,
						0
					],
					[
						61729.1666666667,
						5,
						0
					],
					[
						61931.25,
						7,
						0
					]
				],
				"typeOfSection": 0,
				"lengthInSteps": 16,
				"bpm": 120,
				"changeBPM": false,
				"mustHitSection": true
			},
			{
				"sectionNotes": [
					[
						62114.5833333333,
						0,
						0
					],
					[
						62322.9166666667,
						2,
						0
					],
					[
						62552.0833333333,
						0,
						0
					],
					[
						62770.8333333333,
						3,
						0
					],
					[
						63000,
						2,
						0
					],
					[
						63197.9166666667,
						1,
						0
					],
					[
						63416.6666666667,
						1,
						0
					],
					[
						63666.6666666667,
						3,
						0
					],
					[
						63875,
						1,
						0
					]
				],
				"typeOfSection": 0,
				"lengthInSteps": 16,
				"bpm": 120,
				"changeBPM": false,
				"mustHitSection": false
			},
			{
				"sectionNotes": [
					[
						65177.0833333333,
						1,
						0
					],
					[
						65375,
						3,
						0
					],
					[
						65583.3333333333,
						0,
						0
					],
					[
						65760.4166666667,
						2,
						0
					],
					[
						65989.5833333333,
						3,
						0
					],
					[
						64062.5,
						5,
						0
					],
					[
						64270.8333333333,
						6,
						0
					],
					[
						64500,
						4,
						0
					],
					[
						64687.5,
						7,
						0
					],
					[
						64885.4166666667,
						6,
						0
					]
				],
				"typeOfSection": 0,
				"lengthInSteps": 16,
				"bpm": 120,
				"changeBPM": false,
				"mustHitSection": true
			},
			{
				"sectionNotes": [
					[
						66197.9166666667,
						2,
						0
					],
					[
						66427.0833333333,
						0,
						0
					],
					[
						66645.8333333333,
						1,
						0
					],
					[
						66854.1666666667,
						1,
						0
					],
					[
						67052.0833333333,
						1,
						0
					],
					[
						67270.8333333333,
						3,
						0
					],
					[
						67500,
						1,
						0
					],
					[
						67708.3333333333,
						2,
						0
					],
					[
						67885.4166666667,
						0,
						0
					]
				],
				"typeOfSection": 0,
				"lengthInSteps": 16,
				"bpm": 120,
				"changeBPM": false,
				"mustHitSection": true
			},
			{
				"sectionNotes": [
					[
						68072.9166666667,
						3,
						0
					],
					[
						68281.25,
						2,
						0
					],
					[
						68510.4166666667,
						5,
						1625
					],
					[
						68510.4166666667,
						3,
						1125
					]
				],
				"typeOfSection": 0,
				"lengthInSteps": 16,
				"bpm": 120,
				"changeBPM": false,
				"mustHitSection": true
			},
			{
				"gfSection": false,
				"lengthInSteps": 16,
				"altAnim": false,
				"typeOfSection": 0,
				"sectionNotes": [],
				"bpm": 120,
				"changeBPM": false,
				"mustHitSection": true
			},
			{
				"gfSection": false,
				"lengthInSteps": 16,
				"altAnim": false,
				"typeOfSection": 0,
				"sectionNotes": [],
				"bpm": 120,
				"changeBPM": false,
				"mustHitSection": true
			}
		],
		"player3": null,
		"song": "Gone",
		"validScore": true,
		"stage": "sarvchurch",
		"sections": 0,
		"needsVoices": true,
		"speed": 2.1,
		"bpm": 120
	}
}