{
	"song": {
		"player1": "bf",
		"notes": [
			{
				"sectionNotes": [
					[
						2100,
						0,
						0
					],
					[
						0,
						2,
						0
					],
					[
						450,
						0,
						0
					],
					[
						1350,
						0,
						0
					],
					[
						900,
						1,
						0
					],
					[
						1050,
						1,
						0
					],
					[
						1800,
						2,
						0
					]
				],
				"lengthInSteps": 16,
				"mustHitSection": false
			},
			{
				"sectionNotes": [
					[
						2550,
						5,
						0
					],
					[
						3450,
						1,
						0
					],
					[
						2700,
						5,
						0
					],
					[
						3150,
						6,
						0
					],
					[
						4200,
						1,
						0
					],
					[
						4350,
						1,
						0
					],
					[
						3000,
						4,
						0
					],
					[
						3900,
						0,
						0
					],
					[
						4650,
						0,
						0
					]
				],
				"lengthInSteps": 16,
				"mustHitSection": true
			},
			{
				"sectionNotes": [
					[
						6900,
						1,
						0
					],
					[
						7050,
						1,
						0
					],
					[
						5550,
						4,
						0
					],
					[
						5100,
						5,
						0
					],
					[
						6000,
						6,
						150
					],
					[
						6450,
						6,
						150
					],
					[
						6251.25,
						5,
						0
					],
					[
						6637.5,
						5,
						0
					]
				],
				"lengthInSteps": 16,
				"mustHitSection": false
			},
			{
				"sectionNotes": [
					[
						7350,
						4,
						0
					],
					[
						7800,
						5,
						0
					],
					[
						7950,
						5,
						0
					],
					[
						8100,
						4,
						0
					],
					[
						7500,
						7,
						0
					],
					[
						8250,
						7,
						0
					],
					[
						8850,
						4,
						0
					],
					[
						9150,
						7,
						0
					],
					[
						8550,
						5,
						0
					]
				],
				"lengthInSteps": 16,
				"mustHitSection": true
			},
			{
				"sectionNotes": [
					[
						9600,
						1,
						0
					],
					[
						10350,
						5,
						0
					],
					[
						10500,
						5,
						0
					],
					[
						11250,
						5,
						0
					],
					[
						11400,
						5,
						0
					],
					[
						9750,
						1,
						0
					],
					[
						10050,
						3,
						0
					],
					[
						9900,
						0,
						0
					],
					[
						10800,
						4,
						0
					],
					[
						10950,
						7,
						0
					],
					[
						11700,
						4,
						0
					],
					[
						11850,
						7,
						0
					]
				],
				"lengthInSteps": 16,
				"mustHitSection": false
			},
			{
				"sectionNotes": [
					[
						13800,
						5,
						0
					],
					[
						14100,
						4,
						0
					],
					[
						12000,
						1,
						0
					],
					[
						12300,
						0,
						0
					],
					[
						12450,
						2,
						0
					],
					[
						12600,
						0,
						0
					],
					[
						13316.25,
						1,
						0
					],
					[
						13173.75,
						0,
						0
					],
					[
						13008.75,
						2,
						0
					],
					[
						12862.5,
						3,
						0
					],
					[
						13492.5,
						3,
						0
					]
				],
				"lengthInSteps": 16,
				"mustHitSection": true
			},
			{
				"sectionNotes": [
					[
						14400,
						1,
						0
					],
					[
						14550,
						1,
						0
					],
					[
						15000,
						0,
						0
					],
					[
						15450,
						1,
						0
					],
					[
						15900,
						3,
						0
					],
					[
						16200,
						1,
						0
					],
					[
						16350,
						1,
						0
					],
					[
						16650,
						0,
						0
					]
				],
				"lengthInSteps": 16,
				"mustHitSection": false
			},
			{
				"sectionNotes": [
					[
						17250,
						1,
						0
					],
					[
						18900,
						1,
						0
					],
					[
						16950,
						6,
						0
					],
					[
						17550,
						3,
						0
					],
					[
						18000,
						1,
						0
					],
					[
						18150,
						1,
						0
					],
					[
						18450,
						2,
						0
					]
				],
				"lengthInSteps": 16,
				"mustHitSection": true
			},
			{
				"sectionNotes": [
					[
						19200,
						4,
						0
					],
					[
						19650,
						6,
						150
					],
					[
						20100,
						6,
						150
					],
					[
						20550,
						1,
						0
					],
					[
						20700,
						1,
						0
					],
					[
						20400,
						5,
						0
					],
					[
						21450,
						1,
						0
					],
					[
						19950,
						5,
						0
					],
					[
						21000,
						0,
						0
					],
					[
						21150,
						2,
						0
					]
				],
				"lengthInSteps": 16,
				"mustHitSection": false
			},
			{
				"sectionNotes": [
					[
						21600,
						5,
						0
					],
					[
						21900,
						4,
						0
					],
					[
						23250,
						5,
						0
					],
					[
						23400,
						5,
						0
					],
					[
						23850,
						4,
						0
					],
					[
						22050,
						6,
						0
					],
					[
						22350,
						5,
						0
					],
					[
						22650,
						7,
						0
					],
					[
						22800,
						4,
						0
					],
					[
						22950,
						7,
						0
					],
					[
						23700,
						6,
						0
					]
				],
				"lengthInSteps": 16,
				"mustHitSection": true
			},
			{
				"sectionNotes": [
					[
						24000,
						5,
						0
					],
					[
						24150,
						5,
						0
					],
					[
						24900,
						5,
						0
					],
					[
						25050,
						5,
						0
					],
					[
						25500,
						4,
						0
					],
					[
						24600,
						4,
						0
					],
					[
						24450,
						7,
						0
					],
					[
						25800,
						5,
						0
					],
					[
						25350,
						6,
						0
					],
					[
						25950,
						7,
						0
					],
					[
						26250,
						5,
						0
					]
				],
				"lengthInSteps": 16,
				"mustHitSection": false
			},
			{
				"sectionNotes": [
					[
						27600,
						5,
						0
					],
					[
						27750,
						5,
						0
					],
					[
						28050,
						6,
						0
					],
					[
						28200,
						4,
						0
					],
					[
						26400,
						2,
						0
					],
					[
						26550,
						1,
						0
					],
					[
						27150,
						1,
						0
					],
					[
						27300,
						2,
						0
					],
					[
						27150,
						3,
						0
					],
					[
						27000,
						0,
						0
					],
					[
						27900,
						5,
						0
					],
					[
						28500,
						4,
						0
					],
					[
						26700,
						3,
						0
					],
					[
						26850,
						2,
						0
					]
				],
				"lengthInSteps": 16,
				"mustHitSection": true
			},
			{
				"sectionNotes": [
					[
						29550,
						3,
						0
					],
					[
						29700,
						3,
						0
					],
					[
						29850,
						2,
						0
					],
					[
						30150,
						0,
						0
					],
					[
						30300,
						2,
						0
					],
					[
						30900,
						5,
						0
					],
					[
						31050,
						5,
						0
					],
					[
						28800,
						3,
						0
					],
					[
						28950,
						0,
						0
					],
					[
						29250,
						2,
						0
					],
					[
						29400,
						2,
						0
					],
					[
						30750,
						2,
						0
					],
					[
						30450,
						3,
						0
					]
				],
				"lengthInSteps": 16,
				"mustHitSection": false
			},
			{
				"sectionNotes": [
					[
						31200,
						1,
						0
					],
					[
						32100,
						0,
						0
					],
					[
						32400,
						2,
						0
					],
					[
						32700,
						1,
						0
					],
					[
						32850,
						1,
						0
					],
					[
						33000,
						2,
						0
					],
					[
						31950,
						3,
						0
					],
					[
						33450,
						3,
						0
					],
					[
						31350,
						3,
						0
					],
					[
						31800,
						0,
						0
					],
					[
						33150,
						0,
						0
					],
					[
						31500,
						2,
						0
					]
				],
				"lengthInSteps": 16,
				"mustHitSection": true
			},
			{
				"sectionNotes": [
					[
						33600,
						4,
						0
					],
					[
						34350,
						1,
						0
					],
					[
						34950,
						1,
						0
					],
					[
						35100,
						0,
						0
					],
					[
						35250,
						2,
						0
					],
					[
						35550,
						0,
						0
					],
					[
						35850,
						1,
						0
					],
					[
						33750,
						6,
						0
					],
					[
						34050,
						5,
						0
					],
					[
						34500,
						1,
						0
					],
					[
						34800,
						1,
						0
					],
					[
						34650,
						3,
						0
					]
				],
				"lengthInSteps": 16,
				"mustHitSection": false
			},
			{
				"sectionNotes": [
					[
						36000,
						5,
						0
					],
					[
						36150,
						5,
						0
					],
					[
						36300,
						5,
						0
					],
					[
						36600,
						5,
						0
					],
					[
						36750,
						5,
						0
					],
					[
						36900,
						4,
						0
					],
					[
						37050,
						7,
						0
					],
					[
						37350,
						5,
						0
					],
					[
						37500,
						6,
						0
					],
					[
						37650,
						1,
						0
					],
					[
						37800,
						1,
						0
					],
					[
						37950,
						1,
						0
					],
					[
						38100,
						3,
						0
					],
					[
						38250,
						3,
						0
					],
					[
						36450,
						6,
						0
					]
				],
				"lengthInSteps": 16,
				"mustHitSection": true
			},
			{
				"sectionNotes": [
					[
						38400,
						7,
						0
					],
					[
						38700,
						6,
						0
					],
					[
						38850,
						4,
						0
					],
					[
						39150,
						6,
						0
					],
					[
						39300,
						4,
						0
					],
					[
						39450,
						5,
						0
					],
					[
						39600,
						7,
						0
					],
					[
						39900,
						5,
						0
					],
					[
						40050,
						5,
						0
					],
					[
						40200,
						6,
						0
					],
					[
						40350,
						7,
						0
					],
					[
						40500,
						4,
						0
					],
					[
						40650,
						7,
						0
					]
				],
				"lengthInSteps": 16,
				"mustHitSection": false
			},
			{
				"sectionNotes": [
					[
						41400,
						5,
						0
					],
					[
						41100,
						5,
						0
					],
					[
						41287.5,
						5,
						0
					],
					[
						41253.75,
						5,
						0
					],
					[
						41550,
						5,
						0
					],
					[
						42750,
						4,
						0
					],
					[
						43050,
						5,
						0
					],
					[
						42900,
						5,
						0
					],
					[
						40800,
						2,
						150
					]
				],
				"lengthInSteps": 16,
				"mustHitSection": true
			},
			{
				"sectionNotes": [
					[
						43200,
						1,
						0
					],
					[
						43350,
						0,
						0
					],
					[
						43500,
						3,
						0
					],
					[
						43800,
						2,
						0
					],
					[
						43950,
						0,
						0
					],
					[
						44100,
						1,
						0
					],
					[
						44400,
						2,
						0
					],
					[
						45000,
						7,
						150
					],
					[
						44985,
						5,
						0
					],
					[
						44917.5,
						5,
						0
					],
					[
						44846.25,
						5,
						0
					],
					[
						44786.25,
						5,
						0
					],
					[
						44700,
						5,
						0
					]
				],
				"lengthInSteps": 16,
				"mustHitSection": false
			},
			{
				"sectionNotes": [
					[
						46050,
						3,
						0
					],
					[
						46650,
						2,
						0
					],
					[
						47100,
						0,
						0
					],
					[
						47250,
						3,
						0
					],
					[
						46950,
						3,
						0
					],
					[
						47400,
						0,
						0
					],
					[
						47550,
						2,
						0
					],
					[
						47850,
						1,
						0
					],
					[
						46466.25,
						1,
						0
					],
					[
						46350,
						1,
						0
					]
				],
				"lengthInSteps": 16,
				"mustHitSection": true
			},
			{
				"sectionNotes": [
					[
						48000,
						1,
						0
					],
					[
						48150,
						1,
						0
					],
					[
						48300,
						1,
						0
					],
					[
						48450,
						2,
						0
					],
					[
						49350,
						0,
						0
					],
					[
						49500,
						2,
						0
					],
					[
						49800,
						1,
						0
					],
					[
						49950,
						1,
						0
					],
					[
						50100,
						1,
						0
					],
					[
						50250,
						2,
						0
					]
				],
				"lengthInSteps": 16,
				"mustHitSection": false
			},
			{
				"sectionNotes": [
					[
						51000,
						4,
						0
					],
					[
						51150,
						6,
						0
					],
					[
						51750,
						1,
						0
					],
					[
						51450,
						1,
						0
					],
					[
						51600,
						1,
						0
					],
					[
						51900,
						2,
						0
					],
					[
						52650,
						0,
						0
					]
				],
				"lengthInSteps": 16,
				"mustHitSection": true
			},
			{
				"sectionNotes": [
					[
						53100,
						5,
						0
					],
					[
						53250,
						5,
						0
					],
					[
						53400,
						5,
						0
					],
					[
						53550,
						6,
						0
					],
					[
						54450,
						4,
						0
					],
					[
						54600,
						6,
						0
					],
					[
						54900,
						1,
						0
					],
					[
						55050,
						1,
						0
					],
					[
						52800,
						6,
						0
					]
				],
				"lengthInSteps": 16,
				"mustHitSection": false
			},
			{
				"sectionNotes": [
					[
						55200,
						5,
						0
					],
					[
						55350,
						5,
						0
					],
					[
						55500,
						6,
						0
					],
					[
						55650,
						4,
						0
					],
					[
						55800,
						7,
						0
					],
					[
						56100,
						4,
						0
					],
					[
						56250,
						6,
						0
					],
					[
						56550,
						5,
						0
					],
					[
						56700,
						5,
						0
					],
					[
						57000,
						4,
						0
					],
					[
						57150,
						7,
						0
					],
					[
						57450,
						7,
						0
					],
					[
						57300,
						4,
						0
					]
				],
				"lengthInSteps": 16,
				"mustHitSection": true
			},
			{
				"sectionNotes": [
					[
						57600,
						6,
						0
					],
					[
						58050,
						6,
						0
					],
					[
						58350,
						1,
						0
					],
					[
						58500,
						1,
						0
					],
					[
						58650,
						1,
						0
					],
					[
						58800,
						2,
						0
					],
					[
						59550,
						3,
						0
					],
					[
						57900,
						4,
						0
					],
					[
						59700,
						0,
						0
					],
					[
						58950,
						3,
						0
					],
					[
						59100,
						0,
						0
					],
					[
						59250,
						3,
						0
					],
					[
						59400,
						0,
						0
					]
				],
				"lengthInSteps": 16,
				"mustHitSection": true
			},
			{
				"sectionNotes": [
					[
						60000,
						1,
						0
					],
					[
						60150,
						1,
						0
					],
					[
						60450,
						2,
						0
					],
					[
						60600,
						0,
						0
					],
					[
						60900,
						3,
						0
					],
					[
						61350,
						3,
						0
					],
					[
						61800,
						5,
						0
					],
					[
						61950,
						5,
						0
					],
					[
						62100,
						5,
						0
					],
					[
						60750,
						2,
						0
					],
					[
						61050,
						0,
						0
					],
					[
						61200,
						2,
						0
					],
					[
						61545,
						1,
						0
					],
					[
						62250,
						6,
						0
					]
				],
				"lengthInSteps": 16,
				"mustHitSection": true
			},
			{
				"sectionNotes": [
					[
						62400,
						1,
						0
					],
					[
						62550,
						3,
						0
					],
					[
						62850,
						2,
						0
					],
					[
						63000,
						0,
						0
					],
					[
						63300,
						1,
						0
					],
					[
						63450,
						1,
						0
					],
					[
						63600,
						1,
						0
					],
					[
						64200,
						1,
						0
					],
					[
						64350,
						0,
						0
					],
					[
						64500,
						2,
						0
					],
					[
						64650,
						3,
						0
					],
					[
						63750,
						2,
						0
					],
					[
						64050,
						1,
						0
					],
					[
						63900,
						3,
						0
					]
				],
				"lengthInSteps": 16,
				"mustHitSection": false
			},
			{
				"sectionNotes": [
					[
						64800,
						4,
						0
					],
					[
						65250,
						1,
						0
					],
					[
						65400,
						1,
						0
					],
					[
						65700,
						3,
						0
					],
					[
						66000,
						2,
						0
					],
					[
						66150,
						0,
						0
					],
					[
						66900,
						1,
						0
					],
					[
						67050,
						1,
						0
					],
					[
						66750,
						1,
						0
					],
					[
						64972.5,
						6,
						0
					],
					[
						65550,
						2,
						0
					],
					[
						65850,
						0,
						0
					],
					[
						66450,
						3,
						0
					],
					[
						66300,
						2,
						0
					]
				],
				"lengthInSteps": 16,
				"mustHitSection": true
			},
			{
				"sectionNotes": [
					[
						67200,
						5,
						0
					],
					[
						67350,
						7,
						0
					],
					[
						67500,
						7,
						0
					],
					[
						67650,
						6,
						0
					],
					[
						67800,
						4,
						0
					],
					[
						67950,
						7,
						0
					],
					[
						68250,
						6,
						0
					],
					[
						68700,
						5,
						1500
					],
					[
						68700,
						1,
						1500
					],
					[
						68100,
						4,
						0
					]
				],
				"lengthInSteps": 16,
				"mustHitSection": false
			},
			{
				"sectionNotes": [],
				"lengthInSteps": 16,
				"mustHitSection": true
			},
			{
				"sectionNotes": [],
				"lengthInSteps": 16,
				"mustHitSection": false
			},
			{
				"sectionNotes": [
					[
						74400,
						0,
						0
					],
					[
						74700,
						3,
						0
					],
					[
						75300,
						2,
						0
					],
					[
						75600,
						1,
						525
					]
				],
				"lengthInSteps": 16,
				"mustHitSection": true
			},
			{
				"lengthInSteps": 16,
				"typeOfSection": 0,
				"sectionNotes": [],
				"altAnim": false,
				"bpm": 100,
				"changeBPM": false,
				"mustHitSection": true
			},
			{
				"lengthInSteps": 16,
				"typeOfSection": 0,
				"sectionNotes": [],
				"altAnim": false,
				"bpm": 100,
				"changeBPM": false,
				"mustHitSection": true
			},
			{
				"lengthInSteps": 16,
				"typeOfSection": 0,
				"sectionNotes": [],
				"altAnim": false,
				"bpm": 100,
				"changeBPM": false,
				"mustHitSection": true
			},
			{
				"lengthInSteps": 16,
				"typeOfSection": 0,
				"sectionNotes": [],
				"altAnim": false,
				"bpm": 100,
				"changeBPM": false,
				"mustHitSection": true
			},
			{
				"lengthInSteps": 16,
				"typeOfSection": 0,
				"sectionNotes": [],
				"altAnim": false,
				"bpm": 100,
				"changeBPM": false,
				"mustHitSection": true
			},
			{
				"lengthInSteps": 16,
				"typeOfSection": 0,
				"sectionNotes": [],
				"altAnim": false,
				"bpm": 100,
				"changeBPM": false,
				"mustHitSection": true
			},
			{
				"sectionNotes": [],
				"typeOfSection": 0,
				"lengthInSteps": 16,
				"altAnim": false,
				"mustHitSection": true,
				"changeBPM": false,
				"bpm": 100
			},
			{
				"sectionNotes": [],
				"typeOfSection": 0,
				"lengthInSteps": 16,
				"altAnim": false,
				"mustHitSection": true,
				"changeBPM": false,
				"bpm": 100
			},
			{
				"lengthInSteps": 16,
				"typeOfSection": 0,
				"sectionNotes": [],
				"altAnim": false,
				"bpm": 100,
				"changeBPM": false,
				"mustHitSection": true
			},
			{
				"lengthInSteps": 16,
				"typeOfSection": 0,
				"sectionNotes": [],
				"altAnim": false,
				"bpm": 100,
				"changeBPM": false,
				"mustHitSection": true
			},
			{
				"lengthInSteps": 16,
				"typeOfSection": 0,
				"sectionNotes": [],
				"altAnim": false,
				"bpm": 100,
				"changeBPM": false,
				"mustHitSection": true
			},
			{
				"lengthInSteps": 16,
				"typeOfSection": 0,
				"sectionNotes": [],
				"altAnim": false,
				"bpm": 100,
				"changeBPM": false,
				"mustHitSection": true
			},
			{
				"sectionNotes": [],
				"typeOfSection": 0,
				"lengthInSteps": 16,
				"altAnim": false,
				"mustHitSection": true,
				"changeBPM": false,
				"bpm": 100
			},
			{
				"sectionNotes": [],
				"typeOfSection": 0,
				"lengthInSteps": 16,
				"altAnim": false,
				"mustHitSection": true,
				"changeBPM": false,
				"bpm": 100
			},
			{
				"sectionNotes": [],
				"typeOfSection": 0,
				"lengthInSteps": 16,
				"altAnim": false,
				"mustHitSection": true,
				"changeBPM": false,
				"bpm": 100
			},
			{
				"sectionNotes": [],
				"typeOfSection": 0,
				"lengthInSteps": 16,
				"altAnim": false,
				"mustHitSection": true,
				"changeBPM": false,
				"bpm": 100
			},
			{
				"sectionNotes": [],
				"typeOfSection": 0,
				"lengthInSteps": 16,
				"altAnim": false,
				"mustHitSection": true,
				"changeBPM": false,
				"bpm": 100
			},
			{
				"sectionNotes": [],
				"typeOfSection": 0,
				"lengthInSteps": 16,
				"altAnim": false,
				"mustHitSection": true,
				"changeBPM": false,
				"bpm": 100
			},
			{
				"sectionNotes": [],
				"typeOfSection": 0,
				"lengthInSteps": 16,
				"altAnim": false,
				"mustHitSection": true,
				"changeBPM": false,
				"bpm": 100
			},
			{
				"sectionNotes": [],
				"typeOfSection": 0,
				"lengthInSteps": 16,
				"altAnim": false,
				"mustHitSection": true,
				"changeBPM": false,
				"bpm": 100
			},
			{
				"sectionNotes": [],
				"typeOfSection": 0,
				"lengthInSteps": 16,
				"altAnim": false,
				"mustHitSection": true,
				"changeBPM": false,
				"bpm": 100
			},
			{
				"sectionNotes": [],
				"typeOfSection": 0,
				"lengthInSteps": 16,
				"altAnim": false,
				"mustHitSection": true,
				"changeBPM": false,
				"bpm": 100
			},
			{
				"sectionNotes": [],
				"typeOfSection": 0,
				"lengthInSteps": 16,
				"altAnim": false,
				"mustHitSection": true,
				"changeBPM": false,
				"bpm": 100
			},
			{
				"sectionNotes": [],
				"typeOfSection": 0,
				"lengthInSteps": 16,
				"altAnim": false,
				"mustHitSection": true,
				"changeBPM": false,
				"bpm": 100
			},
			{
				"sectionNotes": [],
				"typeOfSection": 0,
				"lengthInSteps": 16,
				"altAnim": false,
				"mustHitSection": true,
				"changeBPM": false,
				"bpm": 100
			},
			{
				"sectionNotes": [],
				"typeOfSection": 0,
				"lengthInSteps": 16,
				"altAnim": false,
				"mustHitSection": true,
				"changeBPM": false,
				"bpm": 100
			},
			{
				"sectionNotes": [],
				"typeOfSection": 0,
				"lengthInSteps": 16,
				"altAnim": false,
				"mustHitSection": true,
				"changeBPM": false,
				"bpm": 100
			},
			{
				"sectionNotes": [],
				"typeOfSection": 0,
				"lengthInSteps": 16,
				"altAnim": false,
				"mustHitSection": true,
				"changeBPM": false,
				"bpm": 100
			},
			{
				"sectionNotes": [],
				"typeOfSection": 0,
				"lengthInSteps": 16,
				"altAnim": false,
				"mustHitSection": true,
				"changeBPM": false,
				"bpm": 100
			},
			{
				"sectionNotes": [],
				"typeOfSection": 0,
				"lengthInSteps": 16,
				"altAnim": false,
				"mustHitSection": true,
				"changeBPM": false,
				"bpm": 100
			},
			{
				"sectionNotes": [],
				"typeOfSection": 0,
				"lengthInSteps": 16,
				"altAnim": false,
				"mustHitSection": true,
				"changeBPM": false,
				"bpm": 100
			},
			{
				"sectionNotes": [],
				"typeOfSection": 0,
				"lengthInSteps": 16,
				"altAnim": false,
				"mustHitSection": true,
				"changeBPM": false,
				"bpm": 100
			},
			{
				"sectionNotes": [],
				"typeOfSection": 0,
				"lengthInSteps": 16,
				"altAnim": false,
				"mustHitSection": true,
				"changeBPM": false,
				"bpm": 100
			},
			{
				"sectionNotes": [],
				"typeOfSection": 0,
				"lengthInSteps": 16,
				"altAnim": false,
				"mustHitSection": true,
				"changeBPM": false,
				"bpm": 100
			},
			{
				"sectionNotes": [],
				"typeOfSection": 0,
				"lengthInSteps": 16,
				"altAnim": false,
				"mustHitSection": true,
				"changeBPM": false,
				"bpm": 100
			},
			{
				"sectionNotes": [],
				"typeOfSection": 0,
				"lengthInSteps": 16,
				"altAnim": false,
				"mustHitSection": true,
				"changeBPM": false,
				"bpm": 100
			},
			{
				"sectionNotes": [],
				"typeOfSection": 0,
				"lengthInSteps": 16,
				"altAnim": false,
				"mustHitSection": true,
				"changeBPM": false,
				"bpm": 100
			},
			{
				"sectionNotes": [],
				"typeOfSection": 0,
				"lengthInSteps": 16,
				"altAnim": false,
				"mustHitSection": true,
				"changeBPM": false,
				"bpm": 100
			},
			{
				"sectionNotes": [],
				"typeOfSection": 0,
				"lengthInSteps": 16,
				"altAnim": false,
				"mustHitSection": true,
				"changeBPM": false,
				"bpm": 100
			},
			{
				"sectionNotes": [],
				"typeOfSection": 0,
				"lengthInSteps": 16,
				"altAnim": false,
				"mustHitSection": true,
				"changeBPM": false,
				"bpm": 100
			},
			{
				"sectionNotes": [],
				"typeOfSection": 0,
				"lengthInSteps": 16,
				"altAnim": false,
				"mustHitSection": true,
				"changeBPM": false,
				"bpm": 100
			},
			{
				"sectionNotes": [],
				"typeOfSection": 0,
				"lengthInSteps": 16,
				"altAnim": false,
				"mustHitSection": true,
				"changeBPM": false,
				"bpm": 100
			},
			{
				"sectionNotes": [],
				"typeOfSection": 0,
				"lengthInSteps": 16,
				"altAnim": false,
				"mustHitSection": true,
				"changeBPM": false,
				"bpm": 100
			},
			{
				"sectionNotes": [],
				"typeOfSection": 0,
				"lengthInSteps": 16,
				"altAnim": false,
				"mustHitSection": true,
				"changeBPM": false,
				"bpm": 100
			},
			{
				"sectionNotes": [],
				"typeOfSection": 0,
				"lengthInSteps": 16,
				"altAnim": false,
				"mustHitSection": true,
				"changeBPM": false,
				"bpm": 100
			},
			{
				"sectionNotes": [],
				"typeOfSection": 0,
				"lengthInSteps": 16,
				"altAnim": false,
				"mustHitSection": true,
				"changeBPM": false,
				"bpm": 100
			},
			{
				"sectionNotes": [],
				"typeOfSection": 0,
				"lengthInSteps": 16,
				"altAnim": false,
				"mustHitSection": true,
				"changeBPM": false,
				"bpm": 100
			},
			{
				"sectionNotes": [],
				"typeOfSection": 0,
				"lengthInSteps": 16,
				"altAnim": false,
				"mustHitSection": true,
				"changeBPM": false,
				"bpm": 100
			},
			{
				"lengthInSteps": 16,
				"typeOfSection": 0,
				"sectionNotes": [],
				"altAnim": false,
				"bpm": 100,
				"changeBPM": false,
				"mustHitSection": true
			},
			{
				"lengthInSteps": 16,
				"typeOfSection": 0,
				"sectionNotes": [],
				"altAnim": false,
				"bpm": 100,
				"changeBPM": false,
				"mustHitSection": true
			},
			{
				"lengthInSteps": 16,
				"typeOfSection": 0,
				"sectionNotes": [],
				"altAnim": false,
				"bpm": 100,
				"changeBPM": false,
				"mustHitSection": true
			},
			{
				"lengthInSteps": 16,
				"typeOfSection": 0,
				"sectionNotes": [],
				"altAnim": false,
				"bpm": 100,
				"changeBPM": false,
				"mustHitSection": true
			},
			{
				"lengthInSteps": 16,
				"typeOfSection": 0,
				"sectionNotes": [],
				"altAnim": false,
				"bpm": 100,
				"changeBPM": false,
				"mustHitSection": true
			},
			{
				"lengthInSteps": 16,
				"typeOfSection": 0,
				"sectionNotes": [],
				"altAnim": false,
				"bpm": 100,
				"changeBPM": false,
				"mustHitSection": true
			},
			{
				"lengthInSteps": 16,
				"typeOfSection": 0,
				"sectionNotes": [],
				"altAnim": false,
				"bpm": 100,
				"changeBPM": false,
				"mustHitSection": true
			},
			{
				"lengthInSteps": 16,
				"typeOfSection": 0,
				"sectionNotes": [],
				"altAnim": false,
				"bpm": 100,
				"changeBPM": false,
				"mustHitSection": true
			},
			{
				"lengthInSteps": 16,
				"typeOfSection": 0,
				"sectionNotes": [],
				"altAnim": false,
				"bpm": 100,
				"changeBPM": false,
				"mustHitSection": true
			},
			{
				"lengthInSteps": 16,
				"typeOfSection": 0,
				"sectionNotes": [],
				"altAnim": false,
				"bpm": 100,
				"changeBPM": false,
				"mustHitSection": true
			},
			{
				"lengthInSteps": 16,
				"typeOfSection": 0,
				"sectionNotes": [],
				"altAnim": false,
				"bpm": 100,
				"changeBPM": false,
				"mustHitSection": true
			},
			{
				"lengthInSteps": 16,
				"typeOfSection": 0,
				"sectionNotes": [],
				"altAnim": false,
				"bpm": 100,
				"changeBPM": false,
				"mustHitSection": true
			},
			{
				"lengthInSteps": 16,
				"typeOfSection": 0,
				"sectionNotes": [],
				"altAnim": false,
				"bpm": 100,
				"changeBPM": false,
				"mustHitSection": true
			},
			{
				"lengthInSteps": 16,
				"typeOfSection": 0,
				"sectionNotes": [],
				"altAnim": false,
				"bpm": 100,
				"changeBPM": false,
				"mustHitSection": true
			},
			{
				"lengthInSteps": 16,
				"typeOfSection": 0,
				"sectionNotes": [],
				"altAnim": false,
				"bpm": 100,
				"changeBPM": false,
				"mustHitSection": true
			},
			{
				"sectionNotes": [],
				"typeOfSection": 0,
				"lengthInSteps": 16,
				"altAnim": false,
				"mustHitSection": true,
				"changeBPM": false,
				"bpm": 100
			},
			{
				"lengthInSteps": 16,
				"altAnim": false,
				"typeOfSection": 0,
				"sectionNotes": [],
				"bpm": 100,
				"changeBPM": false,
				"mustHitSection": true
			}
		],
		"player2": "nova",
		"player3": "gf",
		"song": "Gone",
		"stage": "sarvchurch",
		"needsVoices": true,
		"validScore": true,
		"bpm": 100,
		"speed": 2.2
	}
}