{
	"song": {
		"player1": "bf",
		"player2": "nova",
		"notes": [
			{
				"sectionNotes": [
					[
						1562.5,
						0,
						0
					],
					[
						1739.58333333333,
						1,
						0
					],
					[
						1895.83333333333,
						2,
						0
					]
				],
				"typeOfSection": 0,
				"lengthInSteps": 16,
				"bpm": 120,
				"changeBPM": false,
				"mustHitSection": false
			},
			{
				"sectionNotes": [
					[
						2083.33333333333,
						3,
						0
					],
					[
						2291.66666666667,
						2,
						0
					],
					[
						2802.08333333333,
						0,
						0
					],
					[
						3229.16666666667,
						1,
						0
					],
					[
						3395.83333333333,
						2,
						0
					],
					[
						3604.16666666667,
						3,
						0
					],
					[
						3781.25,
						2,
						0
					]
				],
				"typeOfSection": 0,
				"lengthInSteps": 16,
				"bpm": 120,
				"changeBPM": false,
				"mustHitSection": false
			},
			{
				"sectionNotes": [
					[
						4135.41666666667,
						0,
						0
					],
					[
						4135.41666666667,
						3,
						0
					],
					[
						4406.25,
						3,
						0
					],
					[
						4427.08333333333,
						0,
						0
					],
					[
						4791.66666666667,
						2,
						0
					],
					[
						5000,
						3,
						0
					],
					[
						5187.5,
						2,
						0
					],
					[
						5395.83333333333,
						0,
						0
					],
					[
						5958.33333333333,
						2,
						0
					]
				],
				"typeOfSection": 0,
				"lengthInSteps": 16,
				"bpm": 120,
				"changeBPM": false,
				"mustHitSection": false
			},
			{
				"sectionNotes": [
					[
						6458.33333333333,
						3,
						0
					],
					[
						6635.41666666667,
						2,
						0
					],
					[
						6822.91666666667,
						0,
						0
					],
					[
						6989.58333333333,
						1,
						0
					],
					[
						7312.5,
						2,
						0
					],
					[
						7489.58333333333,
						3,
						0
					],
					[
						7687.5,
						2,
						0
					],
					[
						7989.58333333333,
						0,
						0
					]
				],
				"typeOfSection": 0,
				"lengthInSteps": 16,
				"bpm": 120,
				"changeBPM": false,
				"mustHitSection": false
			},
			{
				"sectionNotes": [
					[
						8145.83333333333,
						1,
						0
					],
					[
						8291.66666666667,
						2,
						0
					],
					[
						8489.58333333333,
						3,
						0
					],
					[
						8645.83333333333,
						2,
						0
					],
					[
						9145.83333333333,
						0,
						0
					],
					[
						9552.08333333333,
						1,
						0
					],
					[
						9729.16666666667,
						2,
						0
					],
					[
						9906.25,
						3,
						0
					]
				],
				"typeOfSection": 0,
				"lengthInSteps": 16,
				"bpm": 120,
				"changeBPM": false,
				"mustHitSection": true
			},
			{
				"sectionNotes": [
					[
						10083.3333333333,
						2,
						0
					],
					[
						10291.6666666667,
						0,
						0
					],
					[
						10635.4166666667,
						3,
						0
					],
					[
						10645.8333333333,
						1,
						0
					],
					[
						10854.1666666667,
						1,
						0
					],
					[
						10854.1666666667,
						3,
						0
					],
					[
						11145.8333333333,
						0,
						0
					],
					[
						11166.6666666667,
						2,
						0
					],
					[
						11364.5833333333,
						2,
						0
					],
					[
						11552.0833333333,
						3,
						0
					],
					[
						11718.75,
						2,
						0
					]
				],
				"typeOfSection": 0,
				"lengthInSteps": 16,
				"bpm": 120,
				"changeBPM": false,
				"mustHitSection": true
			},
			{
				"sectionNotes": [
					[
						12302.0833333333,
						0,
						0
					],
					[
						12708.3333333333,
						1,
						0
					],
					[
						12854.1666666667,
						2,
						0
					],
					[
						13052.0833333333,
						3,
						0
					],
					[
						13218.75,
						2,
						0
					],
					[
						13385.4166666667,
						0,
						0
					],
					[
						13760.4166666667,
						3,
						0
					],
					[
						13968.75,
						2,
						0
					]
				],
				"typeOfSection": 0,
				"lengthInSteps": 16,
				"bpm": 120,
				"changeBPM": false,
				"mustHitSection": true
			},
			{
				"sectionNotes": [
					[
						14385.4166666667,
						4,
						0
					],
					[
						14562.5,
						5,
						0
					],
					[
						14708.3333333333,
						6,
						0
					],
					[
						15114.5833333333,
						6,
						0
					],
					[
						15572.9166666667,
						4,
						0
					],
					[
						15979.1666666667,
						5,
						0
					],
					[
						14906.25,
						7,
						0
					],
					[
						14165.625,
						3,
						0
					]
				],
				"typeOfSection": 0,
				"lengthInSteps": 16,
				"bpm": 120,
				"changeBPM": false,
				"mustHitSection": true
			},
			{
				"sectionNotes": [
					[
						16135.4166666667,
						2,
						0
					],
					[
						16333.3333333333,
						3,
						0
					],
					[
						16520.8333333333,
						2,
						0
					],
					[
						16885.4166666667,
						0,
						0
					],
					[
						17125,
						0,
						0
					],
					[
						17343.75,
						2,
						0
					],
					[
						17531.25,
						3,
						0
					],
					[
						17708.3333333333,
						2,
						0
					],
					[
						17895.8333333333,
						1,
						0
					]
				],
				"typeOfSection": 0,
				"lengthInSteps": 16,
				"bpm": 120,
				"changeBPM": false,
				"mustHitSection": false
			},
			{
				"sectionNotes": [
					[
						18083.3333333333,
						0,
						0
					],
					[
						18114.5833333333,
						3,
						0
					],
					[
						18708.3333333333,
						2,
						0
					],
					[
						19166.6666666667,
						3,
						0
					],
					[
						19364.5833333333,
						2,
						0
					],
					[
						19572.9166666667,
						3,
						0
					],
					[
						19750,
						2,
						0
					]
				],
				"typeOfSection": 0,
				"lengthInSteps": 16,
				"bpm": 120,
				"changeBPM": false,
				"mustHitSection": false
			},
			{
				"sectionNotes": [
					[
						20770.8333333333,
						0,
						0
					],
					[
						20927.0833333333,
						1,
						0
					],
					[
						21093.75,
						2,
						0
					],
					[
						21281.25,
						3,
						0
					],
					[
						21437.5,
						2,
						0
					],
					[
						20159.375,
						4,
						0
					],
					[
						20356.25,
						5,
						0
					],
					[
						20534.375,
						6,
						0
					]
				],
				"typeOfSection": 0,
				"lengthInSteps": 16,
				"bpm": 120,
				"changeBPM": false,
				"mustHitSection": true
			},
			{
				"sectionNotes": [
					[
						22000,
						0,
						0
					],
					[
						22406.25,
						1,
						0
					],
					[
						22541.6666666667,
						2,
						0
					],
					[
						22750,
						3,
						0
					],
					[
						22947.9166666667,
						2,
						0
					],
					[
						23250,
						0,
						0
					],
					[
						23458.3333333333,
						0,
						0
					],
					[
						23750,
						3,
						0
					]
				],
				"typeOfSection": 0,
				"lengthInSteps": 16,
				"bpm": 120,
				"changeBPM": false,
				"mustHitSection": true
			},
			{
				"sectionNotes": [
					[
						24010.4166666667,
						2,
						0
					],
					[
						24197.9166666667,
						0,
						0
					],
					[
						24385.4166666667,
						1,
						0
					],
					[
						24500,
						2,
						0
					],
					[
						25187.5,
						0,
						0
					],
					[
						25593.75,
						1,
						0
					],
					[
						25843.75,
						2,
						0
					]
				],
				"typeOfSection": 0,
				"lengthInSteps": 16,
				"bpm": 120,
				"changeBPM": false,
				"mustHitSection": true
			},
			{
				"sectionNotes": [
					[
						26041.6666666667,
						3,
						0
					],
					[
						26229.1666666667,
						2,
						0
					],
					[
						26614.5833333333,
						2,
						0
					],
					[
						26802.0833333333,
						3,
						0
					],
					[
						26979.1666666667,
						2,
						0
					],
					[
						27270.8333333333,
						4,
						0
					],
					[
						27427.0833333333,
						5,
						0
					],
					[
						27604.1666666667,
						6,
						0
					],
					[
						27981.25,
						7,
						0
					]
				],
				"typeOfSection": 0,
				"lengthInSteps": 16,
				"bpm": 120,
				"changeBPM": false,
				"mustHitSection": true
			},
			{
				"sectionNotes": [
					[
						28406.25,
						2,
						0
					],
					[
						28802.0833333333,
						0,
						0
					],
					[
						28989.5833333333,
						1,
						0
					],
					[
						29197.9166666667,
						2,
						0
					],
					[
						29572.9166666667,
						3,
						0
					],
					[
						29760.4166666667,
						2,
						0
					],
					[
						29947.9166666667,
						0,
						0
					]
				],
				"typeOfSection": 0,
				"lengthInSteps": 16,
				"bpm": 120,
				"changeBPM": false,
				"mustHitSection": false
			},
			{
				"sectionNotes": [
					[
						30125,
						1,
						0
					],
					[
						30427.0833333333,
						3,
						0
					],
					[
						30604.1666666667,
						2,
						0
					],
					[
						30812.5,
						0,
						0
					],
					[
						31187.5,
						1,
						0
					],
					[
						31614.5833333333,
						3,
						0
					],
					[
						31968.75,
						0,
						0
					]
				],
				"typeOfSection": 0,
				"lengthInSteps": 16,
				"bpm": 120,
				"changeBPM": false,
				"mustHitSection": false
			},
			{
				"sectionNotes": [
					[
						33562.5,
						0,
						0
					],
					[
						33718.75,
						1,
						0
					],
					[
						33906.25,
						2,
						0
					],
					[
						32125,
						5,
						0
					],
					[
						32375,
						6,
						0
					],
					[
						32750,
						7,
						0
					],
					[
						33000,
						7,
						0
					],
					[
						33375,
						7,
						0
					],
					[
						33250,
						6,
						0
					]
				],
				"typeOfSection": 0,
				"lengthInSteps": 16,
				"bpm": 120,
				"changeBPM": false,
				"mustHitSection": true
			},
			{
				"sectionNotes": [
					[
						34104.1666666667,
						3,
						0
					],
					[
						34489.5833333333,
						2,
						0
					],
					[
						34833.3333333333,
						0,
						0
					],
					[
						35218.75,
						1,
						0
					],
					[
						35406.25,
						2,
						0
					],
					[
						35593.75,
						3,
						0
					],
					[
						35968.75,
						2,
						0
					]
				],
				"typeOfSection": 0,
				"lengthInSteps": 16,
				"bpm": 120,
				"changeBPM": false,
				"mustHitSection": true
			},
			{
				"sectionNotes": [
					[
						36145.8333333333,
						2,
						0
					],
					[
						36343.75,
						3,
						0
					],
					[
						36385.4166666667,
						0,
						0
					],
					[
						36562.5,
						1,
						0
					],
					[
						36562.5,
						2,
						0
					],
					[
						36822.9166666667,
						3,
						0
					],
					[
						37020.8333333333,
						2,
						0
					],
					[
						37218.75,
						0,
						0
					],
					[
						37614.5833333333,
						1,
						0
					]
				],
				"typeOfSection": 0,
				"lengthInSteps": 16,
				"bpm": 120,
				"changeBPM": false,
				"mustHitSection": true
			},
			{
				"sectionNotes": [
					[
						38010.4166666667,
						3,
						0
					],
					[
						38385.4166666667,
						0,
						0
					],
					[
						38572.9166666667,
						1,
						0
					],
					[
						38729.1666666667,
						2,
						0
					],
					[
						39197.9166666667,
						3,
						0
					],
					[
						39395.8333333333,
						2,
						0
					],
					[
						39562.5,
						0,
						0
					],
					[
						39729.1666666667,
						1,
						0
					]
				],
				"typeOfSection": 0,
				"lengthInSteps": 16,
				"bpm": 120,
				"changeBPM": false,
				"mustHitSection": true
			},
			{
				"sectionNotes": [
					[
						40000,
						0,
						0
					],
					[
						40177.0833333333,
						1,
						0
					],
					[
						40312.5,
						2,
						0
					],
					[
						40489.5833333333,
						3,
						0
					],
					[
						40750,
						2,
						0
					],
					[
						40927.0833333333,
						3,
						0
					],
					[
						41291.6666666667,
						0,
						0
					],
					[
						41625,
						1,
						0
					],
					[
						41833.3333333333,
						2,
						0
					]
				],
				"typeOfSection": 0,
				"lengthInSteps": 16,
				"bpm": 120,
				"changeBPM": false,
				"mustHitSection": false
			},
			{
				"sectionNotes": [
					[
						42031.25,
						3,
						0
					],
					[
						42239.5833333333,
						0,
						0
					],
					[
						42447.9166666667,
						1,
						0
					],
					[
						42645.8333333333,
						2,
						0
					],
					[
						42843.75,
						3,
						0
					],
					[
						43041.6666666667,
						2,
						0
					],
					[
						43270.8333333333,
						0,
						0
					],
					[
						43447.9166666667,
						1,
						0
					],
					[
						43625,
						3,
						0
					],
					[
						43812.5,
						0,
						0
					]
				],
				"typeOfSection": 0,
				"lengthInSteps": 16,
				"bpm": 120,
				"changeBPM": false,
				"mustHitSection": false
			},
			{
				"sectionNotes": [
					[
						44010.4166666667,
						3,
						0
					],
					[
						44395.8333333333,
						0,
						0
					],
					[
						44770.8333333333,
						1,
						0
					],
					[
						44947.9166666667,
						3,
						0
					],
					[
						45166.6666666667,
						1,
						0
					],
					[
						45354.1666666667,
						3,
						0
					],
					[
						45583.3333333333,
						0,
						0
					],
					[
						45791.6666666667,
						2,
						0
					]
				],
				"typeOfSection": 0,
				"lengthInSteps": 16,
				"bpm": 120,
				"changeBPM": false,
				"mustHitSection": false
			},
			{
				"sectionNotes": [
					[
						46531.25,
						1,
						0
					],
					[
						46697.9166666667,
						2,
						0
					],
					[
						46854.1666666667,
						3,
						0
					],
					[
						47041.6666666667,
						2,
						0
					],
					[
						47250,
						0,
						0
					],
					[
						47614.5833333333,
						1,
						0
					],
					[
						47927.0833333333,
						3,
						0
					],
					[
						46125,
						7,
						0
					],
					[
						46375,
						4,
						0
					]
				],
				"typeOfSection": 0,
				"lengthInSteps": 16,
				"bpm": 120,
				"changeBPM": false,
				"mustHitSection": true
			},
			{
				"sectionNotes": [
					[
						48166.6666666667,
						1,
						0
					],
					[
						48354.1666666667,
						1,
						0
					],
					[
						48531.25,
						3,
						0
					],
					[
						48687.5,
						3,
						0
					],
					[
						48854.1666666667,
						1,
						0
					],
					[
						49114.5833333333,
						3,
						0
					],
					[
						49312.5,
						1,
						0
					],
					[
						49531.25,
						3,
						0
					],
					[
						49718.75,
						0,
						0
					],
					[
						49916.6666666667,
						2,
						0
					]
				],
				"typeOfSection": 0,
				"lengthInSteps": 16,
				"bpm": 120,
				"changeBPM": false,
				"mustHitSection": true
			},
			{
				"sectionNotes": [
					[
						50145.8333333333,
						3,
						0
					],
					[
						50354.1666666667,
						2,
						0
					],
					[
						50708.3333333333,
						0,
						0
					],
					[
						51093.75,
						1,
						0
					],
					[
						51354.1666666667,
						2,
						0
					],
					[
						51531.25,
						3,
						0
					],
					[
						51718.75,
						2,
						0
					],
					[
						51927.0833333333,
						0,
						0
					]
				],
				"typeOfSection": 0,
				"lengthInSteps": 16,
				"bpm": 120,
				"changeBPM": false,
				"mustHitSection": true
			},
			{
				"sectionNotes": [
					[
						52156.25,
						1,
						0
					],
					[
						52333.3333333333,
						2,
						0
					],
					[
						52520.8333333333,
						3,
						0
					],
					[
						52791.6666666667,
						4,
						0
					],
					[
						52979.1666666667,
						5,
						0
					],
					[
						53166.6666666667,
						6,
						0
					],
					[
						53927.0833333333,
						6,
						0
					],
					[
						53375,
						7,
						0
					]
				],
				"typeOfSection": 0,
				"lengthInSteps": 16,
				"bpm": 120,
				"changeBPM": false,
				"mustHitSection": true
			},
			{
				"sectionNotes": [
					[
						54354.1666666667,
						0,
						0
					],
					[
						54552.0833333333,
						1,
						0
					],
					[
						54750,
						2,
						0
					],
					[
						54947.9166666667,
						3,
						0
					],
					[
						55354.1666666667,
						2,
						0
					],
					[
						55562.5,
						2,
						0
					],
					[
						55833.3333333333,
						0,
						0
					]
				],
				"typeOfSection": 0,
				"lengthInSteps": 16,
				"bpm": 120,
				"changeBPM": false,
				"mustHitSection": false
			},
			{
				"sectionNotes": [
					[
						56114.5833333333,
						1,
						0
					],
					[
						56312.5,
						2,
						0
					],
					[
						56500,
						3,
						0
					],
					[
						57114.5833333333,
						0,
						0
					],
					[
						57604.1666666667,
						1,
						0
					],
					[
						57833.3333333333,
						2,
						0
					]
				],
				"typeOfSection": 0,
				"lengthInSteps": 16,
				"bpm": 120,
				"changeBPM": false,
				"mustHitSection": false
			},
			{
				"sectionNotes": [
					[
						58031.25,
						3,
						0
					],
					[
						58218.75,
						2,
						0
					],
					[
						58614.5833333333,
						0,
						0
					],
					[
						58812.5,
						1,
						0
					],
					[
						58989.5833333333,
						2,
						0
					],
					[
						59250,
						4,
						0
					],
					[
						59500,
						6,
						0
					],
					[
						59750,
						7,
						0
					]
				],
				"typeOfSection": 0,
				"lengthInSteps": 16,
				"bpm": 120,
				"changeBPM": false,
				"mustHitSection": false
			},
			{
				"sectionNotes": [
					[
						60385.4166666667,
						0,
						0
					],
					[
						60822.9166666667,
						1,
						0
					],
					[
						60989.5833333333,
						3,
						0
					],
					[
						61197.9166666667,
						2,
						0
					],
					[
						61385.4166666667,
						3,
						0
					],
					[
						61770.8333333333,
						2,
						0
					]
				],
				"typeOfSection": 0,
				"lengthInSteps": 16,
				"bpm": 120,
				"changeBPM": false,
				"mustHitSection": true
			},
			{
				"sectionNotes": [
					[
						62000,
						2,
						0
					],
					[
						62354.1666666667,
						0,
						0
					],
					[
						62541.6666666667,
						1,
						0
					],
					[
						62739.5833333333,
						2,
						0
					],
					[
						62947.9166666667,
						3,
						0
					],
					[
						63552.0833333333,
						0,
						0
					]
				],
				"typeOfSection": 0,
				"lengthInSteps": 16,
				"bpm": 120,
				"changeBPM": false,
				"mustHitSection": true
			},
			{
				"sectionNotes": [
					[
						64000,
						1,
						0
					],
					[
						64187.5,
						2,
						0
					],
					[
						64375,
						3,
						0
					],
					[
						64572.9166666667,
						2,
						0
					],
					[
						64947.9166666667,
						0,
						0
					],
					[
						65135.4166666667,
						1,
						0
					],
					[
						65312.5,
						2,
						0
					],
					[
						65520.8333333333,
						4,
						0
					],
					[
						65708.3333333333,
						5,
						0
					],
					[
						65864.5833333333,
						6,
						0
					]
				],
				"typeOfSection": 0,
				"lengthInSteps": 16,
				"bpm": 120,
				"changeBPM": false,
				"mustHitSection": true
			},
			{
				"sectionNotes": [
					[
						66041.6666666667,
						3,
						0
					],
					[
						66250,
						2,
						0
					],
					[
						66760.4166666667,
						0,
						0
					],
					[
						67218.75,
						1,
						0
					],
					[
						67395.8333333333,
						2,
						0
					],
					[
						67604.1666666667,
						3,
						0
					],
					[
						67802.0833333333,
						2,
						0
					]
				],
				"typeOfSection": 0,
				"lengthInSteps": 16,
				"bpm": 120,
				"changeBPM": false,
				"mustHitSection": false
			},
			{
				"sectionNotes": [
					[
						68177.0833333333,
						0,
						0
					],
					[
						68468.75,
						0,
						0
					],
					[
						68802.0833333333,
						2,
						0
					],
					[
						68958.3333333333,
						3,
						0
					],
					[
						69166.6666666667,
						2,
						0
					],
					[
						69354.1666666667,
						0,
						0
					],
					[
						69968.75,
						1,
						0
					]
				],
				"typeOfSection": 0,
				"lengthInSteps": 16,
				"bpm": 120,
				"changeBPM": false,
				"mustHitSection": false
			},
			{
				"sectionNotes": [
					[
						70406.25,
						2,
						0
					],
					[
						70562.5,
						3,
						0
					],
					[
						70791.6666666667,
						2,
						0
					],
					[
						71000,
						0,
						0
					],
					[
						71375,
						1,
						0
					],
					[
						71552.0833333333,
						2,
						0
					],
					[
						71739.5833333333,
						3,
						0
					],
					[
						71958.3333333333,
						0,
						0
					]
				],
				"typeOfSection": 0,
				"lengthInSteps": 16,
				"bpm": 120,
				"changeBPM": false,
				"mustHitSection": false
			},
			{
				"sectionNotes": [
					[
						72010.4166666667,
						0,
						0
					],
					[
						72177.0833333333,
						1,
						0
					],
					[
						72375,
						2,
						0
					],
					[
						72562.5,
						3,
						0
					],
					[
						73177.0833333333,
						2,
						0
					],
					[
						73635.4166666667,
						0,
						0
					],
					[
						73833.3333333333,
						1,
						0
					],
					[
						72010.4166666667,
						4,
						0
					],
					[
						72177.0833333333,
						5,
						0
					],
					[
						72375,
						6,
						0
					],
					[
						72562.5,
						7,
						0
					],
					[
						73177.0833333333,
						6,
						0
					],
					[
						73635.4166666667,
						4,
						0
					],
					[
						73833.3333333333,
						5,
						0
					]
				],
				"typeOfSection": 0,
				"lengthInSteps": 16,
				"bpm": 120,
				"changeBPM": false,
				"mustHitSection": true
			},
			{
				"sectionNotes": [
					[
						74010.4166666667,
						3,
						0
					],
					[
						74218.75,
						2,
						0
					],
					[
						74645.8333333333,
						0,
						0
					],
					[
						74927.0833333333,
						1,
						0
					],
					[
						75291.6666666667,
						3,
						0
					],
					[
						75489.5833333333,
						2,
						0
					],
					[
						75666.6666666667,
						0,
						0
					],
					[
						75864.5833333333,
						1,
						0
					],
					[
						74010.4166666667,
						7,
						0
					],
					[
						74218.75,
						6,
						0
					],
					[
						74645.8333333333,
						4,
						0
					],
					[
						74927.0833333333,
						5,
						0
					],
					[
						75291.6666666667,
						7,
						0
					],
					[
						75489.5833333333,
						6,
						0
					],
					[
						75666.6666666667,
						4,
						0
					],
					[
						75864.5833333333,
						5,
						0
					]
				],
				"typeOfSection": 0,
				"lengthInSteps": 16,
				"bpm": 120,
				"changeBPM": false,
				"mustHitSection": true
			},
			{
				"sectionNotes": [
					[
						76395.8333333333,
						3,
						0
					],
					[
						76802.0833333333,
						0,
						0
					],
					[
						77000,
						1,
						0
					],
					[
						77197.9166666667,
						2,
						0
					],
					[
						77395.8333333333,
						3,
						0
					],
					[
						77750,
						2,
						0
					],
					[
						77968.75,
						0,
						0
					],
					[
						76395.8333333333,
						7,
						0
					],
					[
						76802.0833333333,
						4,
						0
					],
					[
						77000,
						5,
						0
					],
					[
						77197.9166666667,
						6,
						0
					],
					[
						77395.8333333333,
						7,
						0
					],
					[
						77750,
						6,
						0
					],
					[
						77968.75,
						4,
						0
					]
				],
				"typeOfSection": 0,
				"lengthInSteps": 16,
				"bpm": 120,
				"changeBPM": false,
				"mustHitSection": true
			},
			{
				"sectionNotes": [
					[
						78052.0833333333,
						2,
						0
					],
					[
						78187.5,
						1,
						0
					],
					[
						79239.5833333333,
						5,
						0
					],
					[
						79479.1666666667,
						5,
						0
					],
					[
						79708.3333333333,
						5,
						0
					],
					[
						79885.4166666667,
						5,
						0
					],
					[
						78052.0833333333,
						6,
						0
					],
					[
						78187.5,
						5,
						0
					],
					[
						78375,
						5,
						750
					],
					[
						78375,
						1,
						500
					]
				],
				"typeOfSection": 0,
				"lengthInSteps": 16,
				"bpm": 120,
				"changeBPM": false,
				"mustHitSection": true
			},
			{
				"gfSection": false,
				"lengthInSteps": 16,
				"altAnim": false,
				"typeOfSection": 0,
				"sectionNotes": [],
				"bpm": 120,
				"changeBPM": false,
				"mustHitSection": true
			},
			{
				"gfSection": false,
				"lengthInSteps": 16,
				"altAnim": false,
				"typeOfSection": 0,
				"sectionNotes": [],
				"bpm": 120,
				"changeBPM": false,
				"mustHitSection": true
			},
			{
				"gfSection": false,
				"lengthInSteps": 16,
				"altAnim": false,
				"typeOfSection": 0,
				"sectionNotes": [],
				"bpm": 120,
				"changeBPM": false,
				"mustHitSection": true
			}
		],
		"player3": null,
		"song": "Anxiety",
		"arrowSkin": "",
		"denominator": 4,
		"validScore": true,
		"speed": 2,
		"sectionLengths": [],
		"gfVersion": "gf",
		"numerator": 4,
		"events": [],
		"needsVoices": false,
		"sections": 0,
		"stage": "sarvchurch",
		"bpm": 120
	}
}