{
	"song": {
		"speed": 2,
		"stage": "sarvchurch",
		"player1": "bf",
		"player2": "nova",
		"player3": null,
		"events": [
			[
				0,
				[
					[
						"Add Camera Zoom",
						"0.030",
						"0"
					]
				]
			],
			[
				375,
				[
					[
						"Add Camera Zoom",
						"0.030",
						"0"
					]
				]
			],
			[
				750,
				[
					[
						"Add Camera Zoom",
						"0.030",
						"0"
					]
				]
			],
			[
				1125,
				[
					[
						"Add Camera Zoom",
						"-0.085",
						"0"
					]
				]
			]
		],
		"notes": [],
		"splashSkin": null,
		"validScore": false,
		"gfVersion": "gf",
		"bpm": 120,
		"arrowSkin": "",
		"needsVoices": false,
		"song": "Anxiety"
	}
}