{
	"animations": [
		{
			"loop": false,
			"offsets": [
				110,
				30
			],
			"anim": "singLEFT",
			"fps": 24,
			"name": "Nova Left",
			"indices": []
		},
		{
			"loop": false,
			"offsets": [
				0,
				19
			],
			"anim": "singRIGHT",
			"fps": 24,
			"name": "Nova Right",
			"indices": []
		},
		{
			"loop": true,
			"offsets": [
				0,
				0
			],
			"anim": "idle",
			"fps": 24,
			"name": "Nova Idle",
			"indices": []
		},
		{
			"offsets": [
				63,
				86
			],
			"loop": false,
			"fps": 24,
			"anim": "singUP",
			"indices": [],
			"name": "Nova Up"
		},
		{
			"offsets": [
				70,
				-121
			],
			"loop": false,
			"fps": 24,
			"anim": "singDOWN",
			"indices": [],
			"name": "Nova Down"
		}
	],
	"no_antialiasing": false,
	"image": "characters/Nova_Assets",
	"position": [
		-20,
		100
	],
	"healthicon": "nova",
	"flip_x": true,
	"healthbar_colors": [
		0,
		149,
		174
	],
	"camera_position": [
		40,
		40
	],
	"sing_duration": 6.1,
	"scale": 1
}