﻿<?xml version="1.0" encoding="utf-8"?>
<TextureAtlas imagePath="Nova_Assets.png">
	<!-- Created with Adobe Animate version 21.0.1.37179 -->
	<!-- http://www.adobe.com/products/animate.html -->
	<SubTexture name="Nova Down0000" x="0" y="0" width="580" height="553" frameX="0" frameY="0" frameWidth="581" frameHeight="553"/>
	<SubTexture name="Nova Down0001" x="580" y="0" width="579" height="548" frameX="0" frameY="-5" frameWidth="581" frameHeight="553"/>
	<SubTexture name="Nova Down0002" x="1159" y="0" width="578" height="543" frameX="-3" frameY="-10" frameWidth="581" frameHeight="553"/>
	<SubTexture name="Nova Down0003" x="1159" y="0" width="578" height="543" frameX="-3" frameY="-10" frameWidth="581" frameHeight="553"/>
	<SubTexture name="Nova Down0004" x="1737" y="0" width="578" height="546" frameX="-3" frameY="-7" frameWidth="581" frameHeight="553"/>
	<SubTexture name="Nova Down0005" x="1737" y="0" width="578" height="546" frameX="-3" frameY="-7" frameWidth="581" frameHeight="553"/>
	<SubTexture name="Nova Down0006" x="1737" y="0" width="578" height="546" frameX="-3" frameY="-7" frameWidth="581" frameHeight="553"/>
	<SubTexture name="Nova Down0007" x="1737" y="0" width="578" height="546" frameX="-3" frameY="-7" frameWidth="581" frameHeight="553"/>
	<SubTexture name="Nova Down0008" x="1737" y="0" width="578" height="546" frameX="-3" frameY="-7" frameWidth="581" frameHeight="553"/>
	<SubTexture name="Nova Down0009" x="1737" y="0" width="578" height="546" frameX="-3" frameY="-7" frameWidth="581" frameHeight="553"/>
	<SubTexture name="Nova Down0010" x="1737" y="0" width="578" height="546" frameX="-3" frameY="-7" frameWidth="581" frameHeight="553"/>
	<SubTexture name="Nova Down0011" x="1737" y="0" width="578" height="546" frameX="-3" frameY="-7" frameWidth="581" frameHeight="553"/>
	<SubTexture name="Nova Idle0000" x="2315" y="0" width="450" height="660"/>
	<SubTexture name="Nova Idle0001" x="2315" y="0" width="450" height="660"/>
	<SubTexture name="Nova Idle0002" x="2765" y="0" width="443" height="659" frameX="-3" frameY="-1" frameWidth="450" frameHeight="660"/>
	<SubTexture name="Nova Idle0003" x="2765" y="0" width="443" height="659" frameX="-3" frameY="-1" frameWidth="450" frameHeight="660"/>
	<SubTexture name="Nova Idle0004" x="3208" y="0" width="438" height="659" frameX="-4" frameY="-1" frameWidth="450" frameHeight="660"/>
	<SubTexture name="Nova Idle0005" x="3208" y="0" width="438" height="659" frameX="-4" frameY="-1" frameWidth="450" frameHeight="660"/>
	<SubTexture name="Nova Idle0006" x="3646" y="0" width="439" height="659" frameX="-6" frameY="-1" frameWidth="450" frameHeight="660"/>
	<SubTexture name="Nova Idle0007" x="3646" y="0" width="439" height="659" frameX="-6" frameY="-1" frameWidth="450" frameHeight="660"/>
	<SubTexture name="Nova Idle0008" x="3646" y="0" width="439" height="659" frameX="-6" frameY="-1" frameWidth="450" frameHeight="660"/>
	<SubTexture name="Nova Idle0009" x="3646" y="0" width="439" height="659" frameX="-6" frameY="-1" frameWidth="450" frameHeight="660"/>
	<SubTexture name="Nova Idle0010" x="3646" y="0" width="439" height="659" frameX="-6" frameY="-1" frameWidth="450" frameHeight="660"/>
	<SubTexture name="Nova Idle0011" x="3646" y="0" width="439" height="659" frameX="-6" frameY="-1" frameWidth="450" frameHeight="660"/>
	<SubTexture name="Nova Idle0012" x="3646" y="0" width="439" height="659" frameX="-6" frameY="-1" frameWidth="450" frameHeight="660"/>
	<SubTexture name="Nova Idle0013" x="3646" y="0" width="439" height="659" frameX="-6" frameY="-1" frameWidth="450" frameHeight="660"/>
	<SubTexture name="Nova Left0000" x="0" y="660" width="668" height="711"/>
	<SubTexture name="Nova Left0001" x="0" y="660" width="668" height="711"/>
	<SubTexture name="Nova Left0002" x="668" y="660" width="665" height="710" frameX="0" frameY="-1" frameWidth="668" frameHeight="711"/>
	<SubTexture name="Nova Left0003" x="668" y="660" width="665" height="710" frameX="0" frameY="-1" frameWidth="668" frameHeight="711"/>
	<SubTexture name="Nova Left0004" x="668" y="660" width="665" height="710" frameX="0" frameY="-1" frameWidth="668" frameHeight="711"/>
	<SubTexture name="Nova Left0005" x="668" y="660" width="665" height="710" frameX="0" frameY="-1" frameWidth="668" frameHeight="711"/>
	<SubTexture name="Nova Left0006" x="668" y="660" width="665" height="710" frameX="0" frameY="-1" frameWidth="668" frameHeight="711"/>
	<SubTexture name="Nova Left0007" x="668" y="660" width="665" height="710" frameX="0" frameY="-1" frameWidth="668" frameHeight="711"/>
	<SubTexture name="Nova Left0008" x="1333" y="660" width="665" height="710" frameX="0" frameY="-1" frameWidth="668" frameHeight="711"/>
	<SubTexture name="Nova Left0009" x="1333" y="660" width="665" height="710" frameX="0" frameY="-1" frameWidth="668" frameHeight="711"/>
	<SubTexture name="Nova Left0010" x="1333" y="660" width="665" height="710" frameX="0" frameY="-1" frameWidth="668" frameHeight="711"/>
	<SubTexture name="Nova Left0011" x="1333" y="660" width="665" height="710" frameX="0" frameY="-1" frameWidth="668" frameHeight="711"/>
	<SubTexture name="Nova Left0012" x="1333" y="660" width="665" height="710" frameX="0" frameY="-1" frameWidth="668" frameHeight="711"/>
	<SubTexture name="Nova Left0013" x="1333" y="660" width="665" height="710" frameX="0" frameY="-1" frameWidth="668" frameHeight="711"/>
	<SubTexture name="Nova Right0000" x="1998" y="660" width="465" height="677" frameX="0" frameY="-4" frameWidth="465" frameHeight="681"/>
	<SubTexture name="Nova Right0001" x="1998" y="660" width="465" height="677" frameX="0" frameY="-4" frameWidth="465" frameHeight="681"/>
	<SubTexture name="Nova Right0002" x="2463" y="660" width="458" height="676" frameX="-2" frameY="-5" frameWidth="465" frameHeight="681"/>
	<SubTexture name="Nova Right0003" x="2921" y="660" width="458" height="679" frameX="-2" frameY="-2" frameWidth="465" frameHeight="681"/>
	<SubTexture name="Nova Right0004" x="3379" y="660" width="458" height="681" frameX="-2" frameY="0" frameWidth="465" frameHeight="681"/>
	<SubTexture name="Nova Right0005" x="3379" y="660" width="458" height="681" frameX="-2" frameY="0" frameWidth="465" frameHeight="681"/>
	<SubTexture name="Nova Right0006" x="3379" y="660" width="458" height="681" frameX="-2" frameY="0" frameWidth="465" frameHeight="681"/>
	<SubTexture name="Nova Right0007" x="3379" y="660" width="458" height="681" frameX="-2" frameY="0" frameWidth="465" frameHeight="681"/>
	<SubTexture name="Nova Right0008" x="3379" y="660" width="458" height="681" frameX="-2" frameY="0" frameWidth="465" frameHeight="681"/>
	<SubTexture name="Nova Right0009" x="3379" y="660" width="458" height="681" frameX="-2" frameY="0" frameWidth="465" frameHeight="681"/>
	<SubTexture name="Nova Right0010" x="3379" y="660" width="458" height="681" frameX="-2" frameY="0" frameWidth="465" frameHeight="681"/>
	<SubTexture name="Nova Right0011" x="3379" y="660" width="458" height="681" frameX="-2" frameY="0" frameWidth="465" frameHeight="681"/>
	<SubTexture name="Nova Up0000" x="0" y="1371" width="542" height="745"/>
	<SubTexture name="Nova Up0001" x="542" y="1371" width="542" height="741" frameX="0" frameY="-4" frameWidth="542" frameHeight="745"/>
	<SubTexture name="Nova Up0002" x="1084" y="1371" width="542" height="734" frameX="0" frameY="-11" frameWidth="542" frameHeight="745"/>
	<SubTexture name="Nova Up0003" x="1084" y="1371" width="542" height="734" frameX="0" frameY="-11" frameWidth="542" frameHeight="745"/>
	<SubTexture name="Nova Up0004" x="1084" y="1371" width="542" height="734" frameX="0" frameY="-11" frameWidth="542" frameHeight="745"/>
	<SubTexture name="Nova Up0005" x="1084" y="1371" width="542" height="734" frameX="0" frameY="-11" frameWidth="542" frameHeight="745"/>
	<SubTexture name="Nova Up0006" x="1084" y="1371" width="542" height="734" frameX="0" frameY="-11" frameWidth="542" frameHeight="745"/>
	<SubTexture name="Nova Up0007" x="1084" y="1371" width="542" height="734" frameX="0" frameY="-11" frameWidth="542" frameHeight="745"/>
	<SubTexture name="Nova Up0008" x="1084" y="1371" width="542" height="734" frameX="0" frameY="-11" frameWidth="542" frameHeight="745"/>
	<SubTexture name="Nova Up0009" x="1084" y="1371" width="542" height="734" frameX="0" frameY="-11" frameWidth="542" frameHeight="745"/>
	<SubTexture name="Nova Up0010" x="1084" y="1371" width="542" height="734" frameX="0" frameY="-11" frameWidth="542" frameHeight="745"/>
	<SubTexture name="Nova Up0011" x="1084" y="1371" width="542" height="734" frameX="0" frameY="-11" frameWidth="542" frameHeight="745"/>
</TextureAtlas>
