﻿<?xml version="1.0" encoding="utf-8"?>
<TextureAtlas imagePath="statelist.png">
	<!-- Created with Adobe Animate version 20.5.0.29329 -->
	<!-- http://www.adobe.com/products/animate.html -->
	<!-- i literally wrote this by hand because this used to use the grid function [stahl] -->
	<SubTexture name="neutral0000"   x="0" y="0" width="136" height="30" frameWidth="136" frameHeight="30"/>
	<SubTexture name="happy0000"     x="0" y="30" width="136" height="30" frameWidth="136" frameHeight="30"/>
	<SubTexture name="ecstatic0000"  x="0" y="60" width="136" height="30" frameWidth="136" frameHeight="30"/>
	<SubTexture name="manic0000"     x="0" y="90" width="136" height="30" frameWidth="136" frameHeight="30"/>
	<SubTexture name="sad0000"       x="0" y="120" width="136" height="30" frameWidth="136" frameHeight="30"/>
	<SubTexture name="depressed0000" x="0" y="150" width="136" height="30" frameWidth="136" frameHeight="30"/>
	<SubTexture name="miserable0000" x="0" y="180" width="136" height="30" frameWidth="136" frameHeight="30"/>
	<SubTexture name="angry0000"     x="0" y="210" width="136" height="30" frameWidth="136" frameHeight="30"/>
	<SubTexture name="enraged0000"   x="0" y="240" width="136" height="30" frameWidth="136" frameHeight="30"/>
	<SubTexture name="furious0000"   x="0" y="270" width="136" height="30" frameWidth="136" frameHeight="30"/>
	<SubTexture name="afraid0000"    x="0" y="300" width="136" height="30" frameWidth="136" frameHeight="30"/>
	<SubTexture name="stressed0000"  x="0" y="330" width="136" height="30" frameWidth="136" frameHeight="30"/>
</TextureAtlas>
