﻿<?xml version="1.0" encoding="utf-8"?>
<TextureAtlas imagePath="Nova.png">
	<!-- Created with Adobe Animate version 21.0.1.37179 -->
	<!-- http://www.adobe.com/products/animate.html -->
	<SubTexture name="NOVA DOWN0000" x="0" y="0" width="584" height="546" frameX="-4" frameY="0" frameWidth="588" frameHeight="547"/>
	<SubTexture name="NOVA DOWN0001" x="584" y="0" width="585" height="545" frameX="-3" frameY="-1" frameWidth="588" frameHeight="547"/>
	<SubTexture name="NOVA DOWN0002" x="1169" y="0" width="586" height="545" frameX="-2" frameY="-1" frameWidth="588" frameHeight="547"/>
	<SubTexture name="NOVA DOWN0003" x="1755" y="0" width="587" height="546" frameX="-1" frameY="-1" frameWidth="588" frameHeight="547"/>
	<SubTexture name="NOVA DOWN0004" x="2342" y="0" width="588" height="545" frameX="0" frameY="-2" frameWidth="588" frameHeight="547"/>
	<SubTexture name="NOVA DOWN0005" x="2930" y="0" width="588" height="545" frameX="0" frameY="-2" frameWidth="588" frameHeight="547"/>
	<SubTexture name="NOVA DOWN0006" x="2930" y="0" width="588" height="545" frameX="0" frameY="-2" frameWidth="588" frameHeight="547"/>
	<SubTexture name="NOVA DOWN0007" x="2930" y="0" width="588" height="545" frameX="0" frameY="-2" frameWidth="588" frameHeight="547"/>
	<SubTexture name="NOVA DOWN0008" x="2930" y="0" width="588" height="545" frameX="0" frameY="-2" frameWidth="588" frameHeight="547"/>
	<SubTexture name="NOVA DOWN0009" x="2930" y="0" width="588" height="545" frameX="0" frameY="-2" frameWidth="588" frameHeight="547"/>
	<SubTexture name="NOVA DOWN0010" x="2930" y="0" width="588" height="545" frameX="0" frameY="-2" frameWidth="588" frameHeight="547"/>
	<SubTexture name="NOVA DOWN0011" x="2930" y="0" width="588" height="545" frameX="0" frameY="-2" frameWidth="588" frameHeight="547"/>
	<SubTexture name="NOVA DOWN0012" x="2930" y="0" width="588" height="545" frameX="0" frameY="-2" frameWidth="588" frameHeight="547"/>
	<SubTexture name="NOVA DOWN0013" x="2930" y="0" width="588" height="545" frameX="0" frameY="-2" frameWidth="588" frameHeight="547"/>
	<SubTexture name="NOVA IDLE0000" x="3518" y="0" width="446" height="662" frameX="0" frameY="-11" frameWidth="446" frameHeight="674"/>
	<SubTexture name="NOVA IDLE0001" x="0" y="662" width="438" height="665" frameX="-3" frameY="-9" frameWidth="446" frameHeight="674"/>
	<SubTexture name="NOVA IDLE0002" x="438" y="662" width="430" height="666" frameX="-6" frameY="-7" frameWidth="446" frameHeight="674"/>
	<SubTexture name="NOVA IDLE0003" x="868" y="662" width="425" height="669" frameX="-8" frameY="-5" frameWidth="446" frameHeight="674"/>
	<SubTexture name="NOVA IDLE0004" x="1293" y="662" width="427" height="671" frameX="-8" frameY="-3" frameWidth="446" frameHeight="674"/>
	<SubTexture name="NOVA IDLE0005" x="1720" y="662" width="428" height="673" frameX="-8" frameY="0" frameWidth="446" frameHeight="674"/>
	<SubTexture name="NOVA IDLE0006" x="1720" y="662" width="428" height="673" frameX="-8" frameY="0" frameWidth="446" frameHeight="674"/>
	<SubTexture name="NOVA IDLE0007" x="1720" y="662" width="428" height="673" frameX="-8" frameY="0" frameWidth="446" frameHeight="674"/>
	<SubTexture name="NOVA IDLE0008" x="1720" y="662" width="428" height="673" frameX="-8" frameY="0" frameWidth="446" frameHeight="674"/>
	<SubTexture name="NOVA IDLE0009" x="1720" y="662" width="428" height="673" frameX="-8" frameY="0" frameWidth="446" frameHeight="674"/>
	<SubTexture name="NOVA IDLE0010" x="1720" y="662" width="428" height="673" frameX="-8" frameY="0" frameWidth="446" frameHeight="674"/>
	<SubTexture name="NOVA IDLE0011" x="1720" y="662" width="428" height="673" frameX="-8" frameY="0" frameWidth="446" frameHeight="674"/>
	<SubTexture name="NOVA IDLE0012" x="1720" y="662" width="428" height="673" frameX="-8" frameY="0" frameWidth="446" frameHeight="674"/>
	<SubTexture name="NOVA IDLE0013" x="1720" y="662" width="428" height="673" frameX="-8" frameY="0" frameWidth="446" frameHeight="674"/>
	<SubTexture name="NOVA LEFT0000" x="2148" y="662" width="465" height="679" frameX="-7" frameY="0" frameWidth="472" frameHeight="680"/>
	<SubTexture name="NOVA LEFT0001" x="2613" y="662" width="464" height="677" frameX="-6" frameY="-3" frameWidth="472" frameHeight="680"/>
	<SubTexture name="NOVA LEFT0002" x="3077" y="662" width="463" height="675" frameX="-5" frameY="-5" frameWidth="472" frameHeight="680"/>
	<SubTexture name="NOVA LEFT0003" x="3540" y="662" width="463" height="673" frameX="-3" frameY="-7" frameWidth="472" frameHeight="680"/>
	<SubTexture name="NOVA LEFT0004" x="0" y="1341" width="461" height="670" frameX="-2" frameY="-10" frameWidth="472" frameHeight="680"/>
	<SubTexture name="NOVA LEFT0005" x="461" y="1341" width="461" height="667" frameX="0" frameY="-12" frameWidth="472" frameHeight="680"/>
	<SubTexture name="NOVA LEFT0006" x="461" y="1341" width="461" height="667" frameX="0" frameY="-12" frameWidth="472" frameHeight="680"/>
	<SubTexture name="NOVA LEFT0007" x="461" y="1341" width="461" height="667" frameX="0" frameY="-12" frameWidth="472" frameHeight="680"/>
	<SubTexture name="NOVA LEFT0008" x="461" y="1341" width="461" height="667" frameX="0" frameY="-12" frameWidth="472" frameHeight="680"/>
	<SubTexture name="NOVA LEFT0009" x="461" y="1341" width="461" height="667" frameX="0" frameY="-12" frameWidth="472" frameHeight="680"/>
	<SubTexture name="NOVA LEFT0010" x="461" y="1341" width="461" height="667" frameX="0" frameY="-12" frameWidth="472" frameHeight="680"/>
	<SubTexture name="NOVA LEFT0011" x="461" y="1341" width="461" height="667" frameX="0" frameY="-12" frameWidth="472" frameHeight="680"/>
	<SubTexture name="NOVA LEFT0012" x="461" y="1341" width="461" height="667" frameX="0" frameY="-12" frameWidth="472" frameHeight="680"/>
	<SubTexture name="NOVA LEFT0013" x="461" y="1341" width="461" height="667" frameX="0" frameY="-12" frameWidth="472" frameHeight="680"/>
	<SubTexture name="NOVA RIGHT0000" x="922" y="1341" width="689" height="714" frameX="0" frameY="0" frameWidth="689" frameHeight="715"/>
	<SubTexture name="NOVA RIGHT0001" x="1611" y="1341" width="688" height="711" frameX="0" frameY="-3" frameWidth="689" frameHeight="715"/>
	<SubTexture name="NOVA RIGHT0002" x="2299" y="1341" width="687" height="709" frameX="0" frameY="-6" frameWidth="689" frameHeight="715"/>
	<SubTexture name="NOVA RIGHT0003" x="2986" y="1341" width="687" height="705" frameX="0" frameY="-9" frameWidth="689" frameHeight="715"/>
	<SubTexture name="NOVA RIGHT0004" x="0" y="2055" width="686" height="702" frameX="0" frameY="-12" frameWidth="689" frameHeight="715"/>
	<SubTexture name="NOVA RIGHT0005" x="686" y="2055" width="685" height="698" frameX="0" frameY="-16" frameWidth="689" frameHeight="715"/>
	<SubTexture name="NOVA RIGHT0006" x="686" y="2055" width="685" height="698" frameX="0" frameY="-16" frameWidth="689" frameHeight="715"/>
	<SubTexture name="NOVA RIGHT0007" x="686" y="2055" width="685" height="698" frameX="0" frameY="-16" frameWidth="689" frameHeight="715"/>
	<SubTexture name="NOVA RIGHT0008" x="686" y="2055" width="685" height="698" frameX="0" frameY="-16" frameWidth="689" frameHeight="715"/>
	<SubTexture name="NOVA RIGHT0009" x="686" y="2055" width="685" height="698" frameX="0" frameY="-16" frameWidth="689" frameHeight="715"/>
	<SubTexture name="NOVA RIGHT0010" x="686" y="2055" width="685" height="698" frameX="0" frameY="-16" frameWidth="689" frameHeight="715"/>
	<SubTexture name="NOVA RIGHT0011" x="686" y="2055" width="685" height="698" frameX="0" frameY="-16" frameWidth="689" frameHeight="715"/>
	<SubTexture name="NOVA RIGHT0012" x="686" y="2055" width="685" height="698" frameX="0" frameY="-16" frameWidth="689" frameHeight="715"/>
	<SubTexture name="NOVA RIGHT0013" x="686" y="2055" width="685" height="698" frameX="0" frameY="-16" frameWidth="689" frameHeight="715"/>
	<SubTexture name="NOVA UP0000" x="1371" y="2055" width="548" height="750" frameX="0" frameY="0" frameWidth="548" frameHeight="751"/>
	<SubTexture name="NOVA UP0001" x="1919" y="2055" width="548" height="749" frameX="0" frameY="-2" frameWidth="548" frameHeight="751"/>
	<SubTexture name="NOVA UP0002" x="2467" y="2055" width="548" height="746" frameX="0" frameY="-5" frameWidth="548" frameHeight="751"/>
	<SubTexture name="NOVA UP0003" x="3015" y="2055" width="548" height="744" frameX="0" frameY="-7" frameWidth="548" frameHeight="751"/>
	<SubTexture name="NOVA UP0004" x="0" y="2805" width="548" height="740" frameX="0" frameY="-10" frameWidth="548" frameHeight="751"/>
	<SubTexture name="NOVA UP0005" x="548" y="2805" width="548" height="739" frameX="0" frameY="-12" frameWidth="548" frameHeight="751"/>
	<SubTexture name="NOVA UP0006" x="1096" y="2805" width="548" height="739" frameX="0" frameY="-12" frameWidth="548" frameHeight="751"/>
	<SubTexture name="NOVA UP0007" x="1644" y="2805" width="548" height="739" frameX="0" frameY="-12" frameWidth="548" frameHeight="751"/>
	<SubTexture name="NOVA UP0008" x="1644" y="2805" width="548" height="739" frameX="0" frameY="-12" frameWidth="548" frameHeight="751"/>
	<SubTexture name="NOVA UP0009" x="1644" y="2805" width="548" height="739" frameX="0" frameY="-12" frameWidth="548" frameHeight="751"/>
	<SubTexture name="NOVA UP0010" x="1644" y="2805" width="548" height="739" frameX="0" frameY="-12" frameWidth="548" frameHeight="751"/>
	<SubTexture name="NOVA UP0011" x="1644" y="2805" width="548" height="739" frameX="0" frameY="-12" frameWidth="548" frameHeight="751"/>
	<SubTexture name="NOVA UP0012" x="1644" y="2805" width="548" height="739" frameX="0" frameY="-12" frameWidth="548" frameHeight="751"/>
	<SubTexture name="NOVA UP0013" x="1644" y="2805" width="548" height="739" frameX="0" frameY="-12" frameWidth="548" frameHeight="751"/>
</TextureAtlas>
